date,value,cash,positions,invested
2019-01-02,1000000.0,1000000.0,0,0.0
2019-01-03,1000000.0,1000000.0,0,0.0
2019-01-04,1000000.0,1000000.0,0,0.0
2019-01-07,1000000.0,1000000.0,0,0.0
2019-01-08,1000000.0,1000000.0,0,0.0
2019-01-09,1000000.0,1000000.0,0,0.0
2019-01-10,1000000.0,1000000.0,0,0.0
2019-01-11,1000000.0,1000000.0,0,0.0
2019-01-14,1000000.0,1000000.0,0,0.0
2019-01-15,1000000.0,1000000.0,0,0.0
2019-01-16,1000000.0,1000000.0,0,0.0
2019-01-17,1000000.0,1000000.0,0,0.0
2019-01-18,1000000.0,1000000.0,0,0.0
2019-01-21,1000000.0,1000000.0,0,0.0
2019-01-22,1000000.0,1000000.0,0,0.0
2019-01-23,1000000.0,1000000.0,0,0.0
2019-01-24,1000000.0,1000000.0,0,0.0
2019-01-25,1000000.0,1000000.0,0,0.0
2019-01-28,1000000.0,1000000.0,0,0.0
2019-01-29,1000000.0,1000000.0,0,0.0
2019-01-30,1000000.0,1000000.0,0,0.0
2019-01-31,1000000.0,1000000.0,0,0.0
2019-02-01,1000000.0,775025.605,3,224974.39500000002
2019-02-04,925077.925,775025.605,3,150052.32000000007
2019-02-05,925400.485,775025.605,3,150374.88
2019-02-06,924877.025,775025.605,3,149851.42000000004
2019-02-07,923671.705,849099.605,2,74572.09999999998
2019-02-08,923909.385,849099.605,2,74809.78000000003
2019-02-11,999588.165,849099.605,2,150488.56000000006
2019-02-12,1000319.409,849099.605,2,151219.804
2019-02-13,1001612.138,849099.605,2,152512.53300000005
2019-02-14,1002120.242,849099.605,2,153020.637
2019-02-15,1001305.306,849099.605,2,152205.701
2019-02-18,928314.563,849099.605,2,79214.95799999998
2019-02-19,1004402.474,849099.605,2,155302.86900000006
2019-02-20,1004550.423,849099.605,2,155450.81799999997
2019-02-21,1003507.539,849099.605,2,154407.934
2019-02-22,1005983.831,849099.605,2,156884.22600000002
2019-02-25,1011661.62,849099.605,2,162562.015
2019-02-26,1009762.555,849099.605,2,160662.95000000007
2019-02-27,1008826.375,849099.605,2,159726.77000000002
2019-02-28,1008249.1479999999,923849.965,1,84399.18299999996
2019-03-01,1009977.223,923849.965,1,86127.25800000003
2019-03-04,1010875.8219999999,923849.965,1,87025.85699999996
2019-03-05,1011613.134,923849.965,1,87763.169
2019-03-06,1012212.2,923849.965,1,88362.23499999999
2019-03-07,1011244.478,923849.965,1,87394.51300000004
2019-03-08,1008203.066,923849.965,1,84353.10100000002
2019-03-11,1009332.075,923849.965,1,85482.10999999999
2019-03-12,1009908.1,923849.965,1,86058.13500000001
2019-03-13,1009401.198,923849.965,1,85551.23300000001
2019-03-14,1008779.091,923849.965,1,84929.12600000005
2019-03-15,1009908.1,923849.965,1,86058.13500000001
2019-03-18,1012557.815,923849.965,1,88707.84999999998
2019-03-19,1011912.667,923849.965,1,88062.70200000005
2019-03-20,1011912.667,923849.965,1,88062.70200000005
2019-03-21,1011958.749,923849.965,1,88108.78399999999
2019-03-22,1012073.9539999999,923849.965,1,88223.98899999994
2019-03-25,1009885.059,923849.965,1,86035.09400000004
2019-03-26,1008986.46,923849.965,1,85136.495
2019-03-27,1009723.772,923849.965,1,85873.80700000003
2019-03-28,1009493.362,923849.965,1,85643.397
2019-03-29,1012995.5939999999,923849.965,1,89145.62899999996
2019-04-01,1015299.6939999999,923849.965,1,91449.72899999993
2019-04-02,1015138.407,923849.965,1,91288.44200000004
2019-04-03,1016359.58,923849.965,1,92509.61499999999
2019-04-04,1017442.507,923849.965,1,93592.54200000002
2019-04-05,923849.965,923849.965,1,0.0
2019-04-08,1016843.441,923849.965,1,92993.47600000002
2019-04-09,1017396.4249999999,923849.965,1,93546.45999999996
2019-04-10,1017534.671,923849.965,1,93684.706
2019-04-11,1015921.801,923849.965,1,92071.83600000001
2019-04-12,1015599.227,923849.965,1,91749.26199999999
2019-04-15,1015023.2019999999,923849.965,1,91173.23699999996
2019-04-16,1017788.122,923849.965,1,93938.157
2019-04-17,1017557.7119999999,923849.965,1,93707.74699999997
2019-04-18,1017396.4249999999,923849.965,1,93546.45999999996
2019-04-19,1018778.885,923849.965,1,94928.92000000004
2019-04-22,1016405.662,923849.965,1,92555.69700000004
2019-04-23,1016244.375,923849.965,1,92394.41000000003
2019-04-24,1016382.6209999999,923849.965,1,92532.65599999996
2019-04-25,1014470.218,923849.965,1,90620.25300000003
2019-04-26,1013226.004,1013226.004,0,0.0
2019-04-29,1013226.004,1013226.004,0,0.0
2019-04-30,1013226.004,1013226.004,0,0.0
2019-05-01,1013226.004,1013226.004,0,0.0
2019-05-02,1013226.004,1013226.004,0,0.0
2019-05-03,1013226.004,1013226.004,0,0.0
2019-05-06,1013226.004,1013226.004,0,0.0
2019-05-07,1013226.004,1013226.004,0,0.0
2019-05-08,1013226.004,1013226.004,0,0.0
2019-05-09,1013226.004,1013226.004,0,0.0
2019-05-10,1013226.004,1013226.004,0,0.0
2019-05-13,1013226.004,1013226.004,0,0.0
2019-05-14,1013226.004,1013226.004,0,0.0
2019-05-15,1013226.004,1013226.004,0,0.0
2019-05-16,1013226.004,1013226.004,0,0.0
2019-05-17,1013226.004,1013226.004,0,0.0
2019-05-20,1013226.004,1013226.004,0,0.0
2019-05-21,1013226.004,1013226.004,0,0.0
2019-05-22,1013226.004,1013226.004,0,0.0
2019-05-23,1013226.004,1013226.004,0,0.0
2019-05-24,1013226.004,1013226.004,0,0.0
2019-05-27,1013226.004,1013226.004,0,0.0
2019-05-28,1013226.004,1013226.004,0,0.0
2019-05-29,1013226.004,1013226.004,0,0.0
2019-05-30,1013226.004,1013226.004,0,0.0
2019-05-31,1013226.004,1013226.004,0,0.0
2019-06-03,1013226.004,1013226.004,0,0.0
2019-06-04,1013226.004,1013226.004,0,0.0
2019-06-05,1013226.004,1013226.004,0,0.0
2019-06-06,1013226.004,1013226.004,0,0.0
2019-06-07,1013226.004,1013226.004,0,0.0
2019-06-10,1013226.004,1013226.004,0,0.0
2019-06-11,1013226.004,1013226.004,0,0.0
2019-06-12,1013226.004,1013226.004,0,0.0
2019-06-13,1013226.004,1013226.004,0,0.0
2019-06-14,1013226.004,1013226.004,0,0.0
2019-06-17,1013226.004,1013226.004,0,0.0
2019-06-18,1013226.004,1013226.004,0,0.0
2019-06-19,1013226.004,1013226.004,0,0.0
2019-06-20,1013226.004,1013226.004,0,0.0
2019-06-21,1013226.004,1013226.004,0,0.0
2019-06-24,1013226.004,1013226.004,0,0.0
2019-06-25,1013226.004,1013226.004,0,0.0
2019-06-26,1013226.004,1013226.004,0,0.0
2019-06-27,1013226.004,1013226.004,0,0.0
2019-06-28,1013226.004,1013226.004,0,0.0
2019-07-01,1013226.004,1013226.004,0,0.0
2019-07-02,1013226.004,1013226.004,0,0.0
2019-07-03,1013226.004,1013226.004,0,0.0
2019-07-04,1013226.004,1013226.004,0,0.0
2019-07-05,1013226.004,1013226.004,0,0.0
2019-07-08,1013226.004,1013226.004,0,0.0
2019-07-09,1013226.004,1013226.004,0,0.0
2019-07-10,1013226.004,1013226.004,0,0.0
2019-07-11,1013226.004,1013226.004,0,0.0
2019-07-12,1013226.004,1013226.004,0,0.0
2019-07-15,1013226.004,1013226.004,0,0.0
2019-07-16,1013226.004,1013226.004,0,0.0
2019-07-17,1013226.004,1013226.004,0,0.0
2019-07-18,1013226.004,1013226.004,0,0.0
2019-07-19,1013226.004,1013226.004,0,0.0
2019-07-22,1013226.004,1013226.004,0,0.0
2019-07-23,1013226.004,1013226.004,0,0.0
2019-07-24,1013226.004,1013226.004,0,0.0
2019-07-25,1013226.004,1013226.004,0,0.0
2019-07-26,1013226.004,1013226.004,0,0.0
2019-07-29,1013226.004,1013226.004,0,0.0
2019-07-30,1013226.004,1013226.004,0,0.0
2019-07-31,1013226.004,1013226.004,0,0.0
2019-08-01,1013226.004,861334.864,2,151891.14
2019-08-02,1012468.644,861334.864,2,151133.78000000003
2019-08-05,1011246.904,934440.784,1,76806.12
2019-08-06,1011906.184,934440.784,1,77465.40000000002
2019-08-07,1013004.9839999999,934440.784,1,78564.19999999995
2019-08-08,1013499.444,934440.784,1,79058.66000000003
2019-08-09,1013169.804,934440.784,1,78729.02000000002
2019-08-12,1013884.024,934440.784,1,79443.23999999999
2019-08-13,1013444.504,934440.784,1,79003.71999999997
2019-08-14,1013993.904,934440.784,1,79553.12
2019-08-15,1014543.304,934440.784,1,80102.52000000002
2019-08-16,1014048.844,934440.784,1,79608.06000000006
2019-08-19,1013114.864,934440.784,1,78674.07999999996
2019-08-20,1013664.264,934440.784,1,79223.47999999998
2019-08-21,1013334.624,934440.784,1,78893.83999999997
2019-08-22,1013224.744,934440.784,1,78783.95999999996
2019-08-23,1014763.064,934440.784,1,80322.28000000003
2019-08-26,1014818.004,934440.784,1,80377.21999999997
2019-08-27,1015532.2239999999,934440.784,1,81091.43999999994
2019-08-28,1015367.404,934440.784,1,80926.62
2019-08-29,1014763.064,934440.784,1,80322.28000000003
2019-08-30,1014433.424,934440.784,1,79992.64000000001
2019-09-02,934440.784,934440.784,1,0.0
2019-09-03,1015697.044,934440.784,1,81256.26000000001
2019-09-04,1016191.504,934440.784,1,81750.71999999997
2019-09-05,1014268.6039999999,934440.784,1,79827.81999999995
2019-09-06,1013609.324,1013609.324,0,0.0
2019-09-09,1013609.324,1013609.324,0,0.0
2019-09-10,1013609.324,1013609.324,0,0.0
2019-09-11,1013609.324,1013609.324,0,0.0
2019-09-12,1013609.324,1013609.324,0,0.0
2019-09-13,1013609.324,1013609.324,0,0.0
2019-09-16,1013609.324,1013609.324,0,0.0
2019-09-17,1013609.324,1013609.324,0,0.0
2019-09-18,1013609.324,1013609.324,0,0.0
2019-09-19,1013609.324,1013609.324,0,0.0
2019-09-20,1013609.324,1013609.324,0,0.0
2019-09-23,1013609.324,1013609.324,0,0.0
2019-09-24,1013609.324,1013609.324,0,0.0
2019-09-25,1013609.324,1013609.324,0,0.0
2019-09-26,1013609.324,1013609.324,0,0.0
2019-09-27,1013609.324,1013609.324,0,0.0
2019-09-30,1013609.324,1013609.324,0,0.0
2019-10-01,1013609.324,1013609.324,0,0.0
2019-10-02,1013609.324,1013609.324,0,0.0
2019-10-03,1013609.324,1013609.324,0,0.0
2019-10-04,1013609.324,1013609.324,0,0.0
2019-10-07,1013609.324,1013609.324,0,0.0
2019-10-08,1013609.324,1013609.324,0,0.0
2019-10-09,1013609.324,1013609.324,0,0.0
2019-10-10,1013609.324,1013609.324,0,0.0
2019-10-11,1013609.324,1013609.324,0,0.0
2019-10-14,1013609.324,1013609.324,0,0.0
2019-10-15,1013609.324,1013609.324,0,0.0
2019-10-16,1013609.324,1013609.324,0,0.0
2019-10-17,1013609.324,1013609.324,0,0.0
2019-10-18,1013609.324,1013609.324,0,0.0
2019-10-21,1013609.324,1013609.324,0,0.0
2019-10-22,1013609.324,1013609.324,0,0.0
2019-10-23,1013609.324,1013609.324,0,0.0
2019-10-24,1013609.324,1013609.324,0,0.0
2019-10-25,1013609.324,1013609.324,0,0.0
2019-10-28,1013609.324,1013609.324,0,0.0
2019-10-29,1013609.324,1013609.324,0,0.0
2019-10-30,1013609.324,1013609.324,0,0.0
2019-10-31,1013609.324,1013609.324,0,0.0
2019-11-01,1013609.324,1013609.324,0,0.0
2019-11-04,1013609.324,1013609.324,0,0.0
2019-11-05,1013609.324,1013609.324,0,0.0
2019-11-06,1013609.324,1013609.324,0,0.0
2019-11-07,1013609.324,1013609.324,0,0.0
2019-11-08,1013609.324,1013609.324,0,0.0
2019-11-11,1013609.324,1013609.324,0,0.0
2019-11-12,1013609.324,1013609.324,0,0.0
2019-11-13,1013609.324,1013609.324,0,0.0
2019-11-14,1013609.324,1013609.324,0,0.0
2019-11-15,1013609.324,1013609.324,0,0.0
2019-11-18,1013609.324,1013609.324,0,0.0
2019-11-19,1013609.324,1013609.324,0,0.0
2019-11-20,1013609.324,1013609.324,0,0.0
2019-11-21,1013609.324,1013609.324,0,0.0
2019-11-22,1013609.324,1013609.324,0,0.0
2019-11-25,1013609.324,1013609.324,0,0.0
2019-11-26,1013609.324,1013609.324,0,0.0
2019-11-27,1013609.324,1013609.324,0,0.0
2019-11-28,1013609.324,1013609.324,0,0.0
2019-11-29,1013609.324,1013609.324,0,0.0
2019-12-02,1013609.324,1013609.324,0,0.0
2019-12-03,1013609.324,1013609.324,0,0.0
2019-12-04,1013609.324,1013609.324,0,0.0
2019-12-05,1013609.324,1013609.324,0,0.0
2019-12-06,1013609.324,1013609.324,0,0.0
2019-12-09,1013609.324,1013609.324,0,0.0
2019-12-10,1013609.324,1013609.324,0,0.0
2019-12-11,1013609.324,1013609.324,0,0.0
2019-12-12,1013609.324,1013609.324,0,0.0
2019-12-13,1013609.324,1013609.324,0,0.0
2019-12-16,1013609.324,1013609.324,0,0.0
2019-12-17,1013609.324,1013609.324,0,0.0
2019-12-18,1013609.324,1013609.324,0,0.0
2019-12-19,1013609.324,1013609.324,0,0.0
2019-12-20,1013609.324,1013609.324,0,0.0
2019-12-23,1013609.324,1013609.324,0,0.0
2019-12-24,1013609.324,1013609.324,0,0.0
2019-12-25,1013609.324,1013609.324,0,0.0
2019-12-26,1013609.324,1013609.324,0,0.0
2019-12-27,1013609.324,1013609.324,0,0.0
2019-12-30,1013609.324,1013609.324,0,0.0
2019-12-31,1013609.324,1013609.324,0,0.0
2020-01-02,1013609.324,1013609.324,0,0.0
2020-01-03,1013609.324,1013609.324,0,0.0
2020-01-06,1013609.324,1013609.324,0,0.0
2020-01-07,1013609.324,1013609.324,0,0.0
2020-01-08,1013609.324,1013609.324,0,0.0
2020-01-09,1013609.324,1013609.324,0,0.0
2020-01-10,1013609.324,1013609.324,0,0.0
2020-01-13,1013609.324,1013609.324,0,0.0
2020-01-14,1013609.324,1013609.324,0,0.0
2020-01-15,1013609.324,1013609.324,0,0.0
2020-01-16,1013609.324,1013609.324,0,0.0
2020-01-17,1013609.324,1013609.324,0,0.0
2020-01-20,1013609.324,1013609.324,0,0.0
2020-01-21,1013609.324,1013609.324,0,0.0
2020-01-22,1013609.324,1013609.324,0,0.0
2020-01-23,1013609.324,1013609.324,0,0.0
2020-01-24,1013609.324,1013609.324,0,0.0
2020-01-27,1013609.324,1013609.324,0,0.0
2020-01-28,1013609.324,1013609.324,0,0.0
2020-01-29,1013609.324,1013609.324,0,0.0
2020-01-30,1013609.324,1013609.324,0,0.0
2020-01-31,1013609.324,1013609.324,0,0.0
2020-02-03,1013609.324,861585.7100000001,2,152023.61399999994
2020-02-04,1019520.4380000001,861585.7100000001,2,157934.728
2020-02-05,1022757.128,861585.7100000001,2,161171.41799999995
2020-02-06,1025856.3500000001,861585.7100000001,2,164270.64
2020-02-07,1025638.8800000001,861585.7100000001,2,164053.17000000004
2020-02-10,1026352.6980000001,861585.7100000001,2,164766.988
2020-02-11,1026171.2860000001,939514.2100000001,1,86657.076
2020-02-12,1028797.258,939514.2100000001,1,89283.04799999995
2020-02-13,1027996.1140000001,939514.2100000001,1,88481.90399999998
2020-02-14,1027951.6060000001,939514.2100000001,1,88437.39600000007
2020-02-17,1031690.278,939514.2100000001,1,92176.06799999997
2020-02-18,1032535.93,939514.2100000001,1,93021.71999999997
2020-02-19,1030933.6420000001,939514.2100000001,1,91419.43200000003
2020-02-20,1033203.55,939514.2100000001,1,93689.33999999997
2020-02-21,1034983.8700000001,939514.2100000001,1,95469.66000000003
2020-02-24,1036452.6340000001,939514.2100000001,1,96938.424
2020-02-25,1037164.7620000001,939514.2100000001,1,97650.55200000003
2020-02-26,1033070.0260000001,939514.2100000001,1,93555.81599999999
2020-02-27,1033470.5980000001,939514.2100000001,1,93956.38800000004
2020-02-28,1028307.67,939514.2100000001,1,88793.45999999996
2020-03-02,1030933.642,707623.5020000001,4,323310.1399999999
2020-03-03,1032414.8020000001,707623.5020000001,4,324791.30000000005
2020-03-04,1037220.0740000001,707623.5020000001,4,329596.57200000004
2020-03-05,1037984.089,707623.5020000001,4,330360.58699999994
2020-03-06,1037952.7240000002,707623.5020000001,4,330329.22200000007
2020-03-09,1028014.897,776695.8620000001,3,251319.03499999992
2020-03-10,1027377.2540000001,776695.8620000001,3,250681.392
2020-03-11,1026121.1060000001,776695.8620000001,3,249425.24400000006
2020-03-12,1019674.1320000001,853189.832,2,166484.30000000005
2020-03-13,1016514.6060000001,853189.832,2,163324.7740000001
2020-03-16,1009252.694,934728.488,1,74524.206
2020-03-17,1005781.883,1005781.883,0,0.0
2020-03-18,1005781.883,1005781.883,0,0.0
2020-03-19,1005781.883,1005781.883,0,0.0
2020-03-20,1005781.883,1005781.883,0,0.0
2020-03-23,1005781.883,1005781.883,0,0.0
2020-03-24,1005781.883,1005781.883,0,0.0
2020-03-25,1005781.883,1005781.883,0,0.0
2020-03-26,1005781.883,1005781.883,0,0.0
2020-03-27,1005781.883,1005781.883,0,0.0
2020-03-30,1005781.883,1005781.883,0,0.0
2020-03-31,1005781.883,1005781.883,0,0.0
2020-04-01,1005781.883,1005781.883,0,0.0
2020-04-02,1005781.883,1005781.883,0,0.0
2020-04-03,1005781.883,1005781.883,0,0.0
2020-04-06,1005781.883,1005781.883,0,0.0
2020-04-07,1005781.883,1005781.883,0,0.0
2020-04-08,1005781.883,1005781.883,0,0.0
2020-04-09,1005781.883,1005781.883,0,0.0
2020-04-10,1005781.883,1005781.883,0,0.0
2020-04-13,1005781.883,1005781.883,0,0.0
2020-04-14,1005781.883,1005781.883,0,0.0
2020-04-15,1005781.883,1005781.883,0,0.0
2020-04-16,1005781.883,1005781.883,0,0.0
2020-04-17,1005781.883,1005781.883,0,0.0
2020-04-20,1005781.883,1005781.883,0,0.0
2020-04-21,1005781.883,1005781.883,0,0.0
2020-04-22,1005781.883,1005781.883,0,0.0
2020-04-23,1005781.883,1005781.883,0,0.0
2020-04-24,1005781.883,1005781.883,0,0.0
2020-04-27,1005781.883,1005781.883,0,0.0
2020-04-28,1005781.883,1005781.883,0,0.0
2020-04-29,1005781.883,1005781.883,0,0.0
2020-04-30,1005781.883,1005781.883,0,0.0
2020-05-01,1005781.883,1005781.883,0,0.0
2020-05-04,1005781.883,1005781.883,0,0.0
2020-05-05,1005781.883,1005781.883,0,0.0
2020-05-06,1005781.883,1005781.883,0,0.0
2020-05-07,1005781.883,1005781.883,0,0.0
2020-05-08,1005781.883,1005781.883,0,0.0
2020-05-11,1005781.883,1005781.883,0,0.0
2020-05-12,1005781.883,1005781.883,0,0.0
2020-05-13,1005781.883,1005781.883,0,0.0
2020-05-14,1005781.883,1005781.883,0,0.0
2020-05-15,1005781.883,1005781.883,0,0.0
2020-05-18,1005781.883,1005781.883,0,0.0
2020-05-19,1005781.883,1005781.883,0,0.0
2020-05-20,1005781.883,1005781.883,0,0.0
2020-05-21,1005781.883,1005781.883,0,0.0
2020-05-22,1005781.883,1005781.883,0,0.0
2020-05-25,1005781.883,1005781.883,0,0.0
2020-05-26,1005781.883,1005781.883,0,0.0
2020-05-27,1005781.883,1005781.883,0,0.0
2020-05-28,1005781.883,1005781.883,0,0.0
2020-05-29,1005781.883,1005781.883,0,0.0
2020-06-01,1005781.883,1005781.883,0,0.0
2020-06-02,1005781.883,1005781.883,0,0.0
2020-06-03,1005781.883,1005781.883,0,0.0
2020-06-04,1005781.883,1005781.883,0,0.0
2020-06-05,1005781.883,1005781.883,0,0.0
2020-06-08,1005781.883,1005781.883,0,0.0
2020-06-09,1005781.883,1005781.883,0,0.0
2020-06-10,1005781.883,1005781.883,0,0.0
2020-06-11,1005781.883,1005781.883,0,0.0
2020-06-12,1005781.883,1005781.883,0,0.0
2020-06-15,1005781.883,1005781.883,0,0.0
2020-06-16,1005781.883,1005781.883,0,0.0
2020-06-17,1005781.883,1005781.883,0,0.0
2020-06-18,1005781.883,1005781.883,0,0.0
2020-06-19,1005781.883,1005781.883,0,0.0
2020-06-22,1005781.883,1005781.883,0,0.0
2020-06-23,1005781.883,1005781.883,0,0.0
2020-06-24,1005781.883,1005781.883,0,0.0
2020-06-25,1005781.883,1005781.883,0,0.0
2020-06-26,1005781.883,1005781.883,0,0.0
2020-06-29,1005781.883,1005781.883,0,0.0
2020-06-30,1005781.883,1005781.883,0,0.0
2020-07-01,1005781.883,854920.571,2,150861.31200000003
2020-07-02,1008862.5989999999,854920.571,2,153942.02799999993
2020-07-03,1011420.3119999999,854920.571,2,156499.74099999992
2020-07-06,1020892.8809999999,854920.571,2,165972.30999999994
2020-07-07,1020855.5430000001,854920.571,2,165934.97200000007
2020-07-08,1023594.157,854920.571,2,168673.586
2020-07-09,1027143.497,854920.571,2,172222.92599999998
2020-07-10,1025478.176,854920.571,2,170557.60499999998
2020-07-13,1029979.762,854920.571,2,175059.191
2020-07-14,1028046.311,854920.571,2,173125.74
2020-07-15,1025190.453,854920.571,2,170269.88199999998
2020-07-16,1016878.827,936433.535,1,80445.29200000002
2020-07-17,1017744.02,936433.535,1,81310.48499999999
2020-07-20,1019898.174,936433.535,1,83464.63899999997
2020-07-21,1020110.0580000001,936433.535,1,83676.52300000004
2020-07-22,1021045.8790000001,936433.535,1,84612.34400000004
2020-07-23,1020586.797,936433.535,1,84153.26199999999
2020-07-24,1016843.513,936433.535,1,80409.978
2020-07-27,1017337.909,936433.535,1,80904.37399999995
2020-07-28,1017955.9040000001,936433.535,1,81522.36900000006
2020-07-29,1020286.628,936433.535,1,83853.093
2020-07-30,1019668.633,936433.535,1,83235.098
2020-07-31,1020304.285,936433.535,1,83870.75
2020-08-03,1021628.56,936433.535,1,85195.02500000002
2020-08-04,1021699.1880000001,936433.535,1,85265.65300000005
2020-08-05,1021734.5020000001,936433.535,1,85300.96700000006
2020-08-06,1021416.676,936433.535,1,84983.14099999995
2020-08-07,1020569.14,936433.535,1,84135.60499999998
2020-08-10,1020851.652,936433.535,1,84418.11699999997
2020-08-11,1020021.773,936433.535,1,83588.23800000001
2020-08-12,1019456.7490000001,936433.535,1,83023.21400000004
2020-08-13,1019191.8940000001,936433.535,1,82758.35900000005
2020-08-14,1020798.681,936433.535,1,84365.14599999995
2020-08-17,1022546.724,936433.535,1,86113.18900000001
2020-08-18,1022423.125,936433.535,1,85989.58999999997
2020-08-19,1021081.193,936433.535,1,84647.65799999994
2020-08-20,1020180.686,936433.535,1,83747.15099999995
2020-08-21,1020886.966,936433.535,1,84453.43099999998
2020-08-24,1021416.676,936433.535,1,84983.14099999995
2020-08-25,1021575.589,936433.535,1,85142.054
2020-08-26,1020533.826,936433.535,1,84100.29099999997
2020-08-27,1021169.478,936433.535,1,84735.94299999997
2020-08-28,1023253.0040000001,936433.535,1,86819.46900000004
2020-08-31,1022493.753,936433.535,1,86060.218
2020-09-01,1023094.091,859956.5750000001,2,163137.51599999995
2020-09-02,1024142.343,859956.5750000001,2,164185.76799999992
2020-09-03,1021106.483,934869.6950000001,1,86236.78799999994
2020-09-04,1020135.348,934869.6950000001,1,85265.65299999993
2020-09-07,1018422.6190000001,934869.6950000001,1,83552.924
2020-09-08,1018846.3870000001,1018846.3870000001,0,0.0
2020-09-09,1018846.3870000001,1018846.3870000001,0,0.0
2020-09-10,1018846.3870000001,1018846.3870000001,0,0.0
2020-09-11,1018846.3870000001,1018846.3870000001,0,0.0
2020-09-14,1018846.3870000001,1018846.3870000001,0,0.0
2020-09-15,1018846.3870000001,1018846.3870000001,0,0.0
2020-09-16,1018846.3870000001,1018846.3870000001,0,0.0
2020-09-17,1018846.3870000001,1018846.3870000001,0,0.0
2020-09-18,1018846.3870000001,1018846.3870000001,0,0.0
2020-09-21,1018846.3870000001,1018846.3870000001,0,0.0
2020-09-22,1018846.3870000001,1018846.3870000001,0,0.0
2020-09-23,1018846.3870000001,1018846.3870000001,0,0.0
2020-09-24,1018846.3870000001,1018846.3870000001,0,0.0
2020-09-25,1018846.3870000001,1018846.3870000001,0,0.0
2020-09-28,1018846.3870000001,1018846.3870000001,0,0.0
2020-09-29,1018846.3870000001,1018846.3870000001,0,0.0
2020-09-30,1018846.3870000001,1018846.3870000001,0,0.0
2020-10-01,1018846.3870000001,1018846.3870000001,0,0.0
2020-10-02,1018846.3870000001,1018846.3870000001,0,0.0
2020-10-05,1018846.3870000001,1018846.3870000001,0,0.0
2020-10-06,1018846.3870000001,1018846.3870000001,0,0.0
2020-10-07,1018846.3870000001,1018846.3870000001,0,0.0
2020-10-08,1018846.3870000001,1018846.3870000001,0,0.0
2020-10-09,1018846.3870000001,1018846.3870000001,0,0.0
2020-10-12,1018846.3870000001,1018846.3870000001,0,0.0
2020-10-13,1018846.3870000001,1018846.3870000001,0,0.0
2020-10-14,1018846.3870000001,1018846.3870000001,0,0.0
2020-10-15,1018846.3870000001,1018846.3870000001,0,0.0
2020-10-16,1018846.3870000001,1018846.3870000001,0,0.0
2020-10-19,1018846.3870000001,1018846.3870000001,0,0.0
2020-10-20,1018846.3870000001,1018846.3870000001,0,0.0
2020-10-21,1018846.3870000001,1018846.3870000001,0,0.0
2020-10-22,1018846.3870000001,1018846.3870000001,0,0.0
2020-10-23,1018846.3870000001,1018846.3870000001,0,0.0
2020-10-26,1018846.3870000001,1018846.3870000001,0,0.0
2020-10-27,1018846.3870000001,1018846.3870000001,0,0.0
2020-10-28,1018846.3870000001,1018846.3870000001,0,0.0
2020-10-29,1018846.3870000001,1018846.3870000001,0,0.0
2020-10-30,1018846.3870000001,1018846.3870000001,0,0.0
2020-11-02,1018846.3870000001,1018846.3870000001,0,0.0
2020-11-03,1018846.3870000001,1018846.3870000001,0,0.0
2020-11-04,1018846.3870000001,1018846.3870000001,0,0.0
2020-11-05,1018846.3870000001,1018846.3870000001,0,0.0
2020-11-06,1018846.3870000001,1018846.3870000001,0,0.0
2020-11-09,1018846.3870000001,1018846.3870000001,0,0.0
2020-11-10,1018846.3870000001,1018846.3870000001,0,0.0
2020-11-11,1018846.3870000001,1018846.3870000001,0,0.0
2020-11-12,1018846.3870000001,1018846.3870000001,0,0.0
2020-11-13,1018846.3870000001,1018846.3870000001,0,0.0
2020-11-16,1018846.3870000001,1018846.3870000001,0,0.0
2020-11-17,1018846.3870000001,1018846.3870000001,0,0.0
2020-11-18,1018846.3870000001,1018846.3870000001,0,0.0
2020-11-19,1018846.3870000001,1018846.3870000001,0,0.0
2020-11-20,1018846.3870000001,1018846.3870000001,0,0.0
2020-11-23,1018846.3870000001,1018846.3870000001,0,0.0
2020-11-24,1018846.3870000001,1018846.3870000001,0,0.0
2020-11-25,1018846.3870000001,1018846.3870000001,0,0.0
2020-11-26,1018846.3870000001,1018846.3870000001,0,0.0
2020-11-27,1018846.3870000001,1018846.3870000001,0,0.0
2020-11-30,1018846.3870000001,1018846.3870000001,0,0.0
2020-12-01,1018846.3870000001,942436.2670000001,1,76410.12
2020-12-02,1018682.9270000001,942436.2670000001,1,76246.66000000003
2020-12-03,1018653.207,942436.2670000001,1,76216.93999999994
2020-12-04,1018816.6670000001,942436.2670000001,1,76380.40000000002
2020-12-07,1018162.827,942436.2670000001,1,75726.55999999994
2020-12-08,1017925.0670000002,942436.2670000001,1,75488.80000000005
2020-12-09,1017033.4670000001,942436.2670000001,1,74597.19999999995
2020-12-10,1016884.8670000001,942436.2670000001,1,74448.59999999998
2020-12-11,1016052.7070000002,1016052.7070000002,0,0.0
2020-12-14,1016052.7070000002,1016052.7070000002,0,0.0
2020-12-15,1016052.7070000002,1016052.7070000002,0,0.0
2020-12-16,1016052.7070000002,1016052.7070000002,0,0.0
2020-12-17,1016052.7070000002,1016052.7070000002,0,0.0
2020-12-18,1016052.7070000002,1016052.7070000002,0,0.0
2020-12-21,1016052.7070000002,1016052.7070000002,0,0.0
2020-12-22,1016052.7070000002,1016052.7070000002,0,0.0
2020-12-23,1016052.7070000002,1016052.7070000002,0,0.0
2020-12-24,1016052.7070000002,1016052.7070000002,0,0.0
2020-12-25,1016052.7070000002,1016052.7070000002,0,0.0
2020-12-28,1016052.7070000002,1016052.7070000002,0,0.0
2020-12-29,1016052.7070000002,1016052.7070000002,0,0.0
2020-12-30,1016052.7070000002,1016052.7070000002,0,0.0
2020-12-31,1016052.7070000002,1016052.7070000002,0,0.0
2021-01-04,1016052.7070000002,1016052.7070000002,0,0.0
2021-01-05,1016052.7070000002,1016052.7070000002,0,0.0
2021-01-06,1016052.7070000002,1016052.7070000002,0,0.0
2021-01-07,1016052.7070000002,1016052.7070000002,0,0.0
2021-01-08,1016052.7070000002,1016052.7070000002,0,0.0
2021-01-11,1016052.7070000002,1016052.7070000002,0,0.0
2021-01-12,1016052.7070000002,1016052.7070000002,0,0.0
2021-01-13,1016052.7070000002,1016052.7070000002,0,0.0
2021-01-14,1016052.7070000002,1016052.7070000002,0,0.0
2021-01-15,1016052.7070000002,1016052.7070000002,0,0.0
2021-01-18,1016052.7070000002,1016052.7070000002,0,0.0
2021-01-19,1016052.7070000002,1016052.7070000002,0,0.0
2021-01-20,1016052.7070000002,1016052.7070000002,0,0.0
2021-01-21,1016052.7070000002,1016052.7070000002,0,0.0
2021-01-22,1016052.7070000002,1016052.7070000002,0,0.0
2021-01-25,1016052.7070000002,1016052.7070000002,0,0.0
2021-01-26,1016052.7070000002,1016052.7070000002,0,0.0
2021-01-27,1016052.7070000002,1016052.7070000002,0,0.0
2021-01-28,1016052.7070000002,1016052.7070000002,0,0.0
2021-01-29,1016052.7070000002,1016052.7070000002,0,0.0
2021-02-01,1016052.7070000002,939856.2570000002,1,76196.44999999995
2021-02-02,1017572.1670000002,939856.2570000002,1,77715.91000000003
2021-02-03,1019851.3570000002,939856.2570000002,1,79995.09999999998
2021-02-04,1019627.9070000002,939856.2570000002,1,79771.65000000002
2021-02-05,1019940.7370000002,939856.2570000002,1,80084.47999999998
2021-02-08,1017929.6870000002,939856.2570000002,1,78073.42999999993
2021-02-09,1019181.0070000002,939856.2570000002,1,79324.75
2021-02-10,1019404.4570000002,939856.2570000002,1,79548.19999999995
2021-02-11,1019985.4270000003,939856.2570000002,1,80129.17000000004
2021-02-12,1020342.9470000002,939856.2570000002,1,80486.68999999994
2021-02-16,1019538.5270000002,939856.2570000002,1,79682.27000000002
2021-02-17,1020655.7770000002,1020655.7770000002,0,0.0
2021-02-18,1020655.7770000002,1020655.7770000002,0,0.0
2021-02-19,1020655.7770000002,1020655.7770000002,0,0.0
2021-02-22,1020655.7770000002,1020655.7770000002,0,0.0
2021-02-23,1020655.7770000002,1020655.7770000002,0,0.0
2021-02-24,1020655.7770000002,1020655.7770000002,0,0.0
2021-02-25,1020655.7770000002,1020655.7770000002,0,0.0
2021-02-26,1020655.7770000002,1020655.7770000002,0,0.0
2021-03-01,1020655.7770000002,1020655.7770000002,0,0.0
2021-03-02,1020655.7770000002,1020655.7770000002,0,0.0
2021-03-03,1020655.7770000002,1020655.7770000002,0,0.0
2021-03-04,1020655.7770000002,1020655.7770000002,0,0.0
2021-03-05,1020655.7770000002,1020655.7770000002,0,0.0
2021-03-08,1020655.7770000002,1020655.7770000002,0,0.0
2021-03-09,1020655.7770000002,1020655.7770000002,0,0.0
2021-03-10,1020655.7770000002,1020655.7770000002,0,0.0
2021-03-11,1020655.7770000002,1020655.7770000002,0,0.0
2021-03-12,1020655.7770000002,1020655.7770000002,0,0.0
2021-03-15,1020655.7770000002,1020655.7770000002,0,0.0
2021-03-16,1020655.7770000002,1020655.7770000002,0,0.0
2021-03-17,1020655.7770000002,1020655.7770000002,0,0.0
2021-03-18,1020655.7770000002,1020655.7770000002,0,0.0
2021-03-19,1020655.7770000002,1020655.7770000002,0,0.0
2021-03-22,1020655.7770000002,1020655.7770000002,0,0.0
2021-03-23,1020655.7770000002,1020655.7770000002,0,0.0
2021-03-24,1020655.7770000002,1020655.7770000002,0,0.0
2021-03-25,1020655.7770000002,1020655.7770000002,0,0.0
2021-03-26,1020655.7770000002,1020655.7770000002,0,0.0
2021-03-29,1020655.7770000002,1020655.7770000002,0,0.0
2021-03-30,1020655.7770000002,1020655.7770000002,0,0.0
2021-03-31,1020655.7770000002,1020655.7770000002,0,0.0
2021-04-01,1020655.7770000002,944108.5970000003,1,76547.17999999993
2021-04-02,944108.5970000003,944108.5970000003,1,0.0
2021-04-05,1021635.3570000003,944108.5970000003,1,77526.76000000001
2021-04-06,1020375.8970000003,944108.5970000003,1,76267.30000000005
2021-04-07,1020515.8370000003,944108.5970000003,1,76407.23999999999
2021-04-08,1018976.4970000003,944108.5970000003,1,74867.90000000002
2021-04-09,1019676.1970000003,944108.5970000003,1,75567.59999999998
2021-04-12,1018976.4970000003,944108.5970000003,1,74867.90000000002
2021-04-13,1018696.6170000003,944108.5970000003,1,74588.02000000002
2021-04-14,1019816.1370000003,944108.5970000003,1,75707.54000000004
2021-04-15,1020235.9570000003,944108.5970000003,1,76127.35999999999
2021-04-16,1020515.8370000003,944108.5970000003,1,76407.23999999999
2021-04-19,1019956.0770000003,944108.5970000003,1,75847.47999999998
2021-04-20,1018556.6770000003,944108.5970000003,1,74448.07999999996
2021-04-21,1019256.3770000003,944108.5970000003,1,75147.78000000003
2021-04-22,1018136.8570000003,1018136.8570000003,0,0.0
2021-04-23,1018136.8570000003,1018136.8570000003,0,0.0
2021-04-26,1018136.8570000003,1018136.8570000003,0,0.0
2021-04-27,1018136.8570000003,1018136.8570000003,0,0.0
2021-04-28,1018136.8570000003,1018136.8570000003,0,0.0
2021-04-29,1018136.8570000003,1018136.8570000003,0,0.0
2021-04-30,1018136.8570000003,1018136.8570000003,0,0.0
2021-05-03,1018136.8570000003,1018136.8570000003,0,0.0
2021-05-04,1018136.8570000003,1018136.8570000003,0,0.0
2021-05-05,1018136.8570000003,1018136.8570000003,0,0.0
2021-05-06,1018136.8570000003,1018136.8570000003,0,0.0
2021-05-07,1018136.8570000003,1018136.8570000003,0,0.0
2021-05-10,1018136.8570000003,1018136.8570000003,0,0.0
2021-05-11,1018136.8570000003,1018136.8570000003,0,0.0
2021-05-12,1018136.8570000003,1018136.8570000003,0,0.0
2021-05-13,1018136.8570000003,1018136.8570000003,0,0.0
2021-05-14,1018136.8570000003,1018136.8570000003,0,0.0
2021-05-17,1018136.8570000003,1018136.8570000003,0,0.0
2021-05-18,1018136.8570000003,1018136.8570000003,0,0.0
2021-05-19,1018136.8570000003,1018136.8570000003,0,0.0
2021-05-20,1018136.8570000003,1018136.8570000003,0,0.0
2021-05-21,1018136.8570000003,1018136.8570000003,0,0.0
2021-05-24,1018136.8570000003,1018136.8570000003,0,0.0
2021-05-25,1018136.8570000003,1018136.8570000003,0,0.0
2021-05-26,1018136.8570000003,1018136.8570000003,0,0.0
2021-05-27,1018136.8570000003,1018136.8570000003,0,0.0
2021-05-28,1018136.8570000003,1018136.8570000003,0,0.0
2021-05-31,1018136.8570000003,1018136.8570000003,0,0.0
2021-06-01,1018136.8570000003,865420.9160000003,2,152715.941
2021-06-02,1015990.2920000004,865420.9160000003,2,150569.37600000005
2021-06-03,1015176.4900000003,865420.9160000003,2,149755.57400000002
2021-06-04,1016499.1860000003,865420.9160000003,2,151078.27000000002
2021-06-07,1016703.0460000003,865420.9160000003,2,151282.13
2021-06-08,1015919.4450000003,865420.9160000003,2,150498.52899999998
2021-06-09,1016203.9670000003,865420.9160000003,2,150783.05099999998
2021-06-10,1018494.1160000004,865420.9160000003,2,153073.20000000007
2021-06-11,1017862.7800000003,865420.9160000003,2,152441.86399999994
2021-06-14,865420.9160000003,865420.9160000003,2,0.0
2021-06-15,1017240.2510000003,865420.9160000003,2,151819.33499999996
2021-06-16,1013984.2870000004,865420.9160000003,2,148563.37100000004
2021-06-17,1018255.8970000003,865420.9160000003,2,152834.98100000003
2021-06-18,1020128.6370000003,865420.9160000003,2,154707.72100000002
2021-06-21,1022152.7600000004,865420.9160000003,2,156731.84400000004
2021-06-22,1022397.8960000003,865420.9160000003,2,156976.97999999998
2021-06-23,1023426.3810000004,865420.9160000003,2,158005.46500000008
2021-06-24,1021778.5170000003,865420.9160000003,2,156357.60100000002
2021-06-25,1024118.6230000003,865420.9160000003,2,158697.70699999994
2021-06-28,1025338.8850000002,865420.9160000003,2,159917.96899999992
2021-06-29,1024900.2080000003,865420.9160000003,2,159479.29200000002
2021-06-30,1026650.0020000003,865420.9160000003,2,161229.086
2021-07-01,1025021.0120000002,865420.9160000003,2,159600.0959999999
2021-07-02,1022385.9390000004,865420.9160000003,2,156965.02300000004
2021-07-05,1025183.2180000003,865420.9160000003,2,159762.30200000003
2021-07-06,1022681.9140000003,865420.9160000003,2,157260.99800000002
2021-07-07,1025052.7250000003,865420.9160000003,2,159631.809
2021-07-08,1027279.1960000003,942378.0660000003,1,84901.13
2021-07-09,1025957.3820000003,942378.0660000003,1,83579.31599999999
2021-07-12,1026770.8060000003,942378.0660000003,1,84392.73999999999
2021-07-13,1026465.7720000003,942378.0660000003,1,84087.706
2021-07-14,1024533.8900000004,942378.0660000003,1,82155.82400000002
2021-07-15,1024584.7290000003,942378.0660000003,1,82206.66299999994
2021-07-16,1022907.0420000004,942378.0660000003,1,80528.97600000002
2021-07-19,1022347.8130000003,942378.0660000003,1,79969.74699999997
2021-07-20,1022551.1690000003,942378.0660000003,1,80173.103
2021-07-21,1024889.7630000004,942378.0660000003,1,82511.69700000004
2021-07-22,1025652.3480000003,942378.0660000003,1,83274.282
2021-07-23,1025093.1190000003,942378.0660000003,1,82715.05299999996
2021-07-26,1024533.8900000004,942378.0660000003,1,82155.82400000002
2021-07-27,1023974.6610000003,942378.0660000003,1,81596.59499999997
2021-07-28,1022398.6520000004,942378.0660000003,1,80020.58600000001
2021-07-29,1026313.2550000004,942378.0660000003,1,83935.18900000001
2021-07-30,1026313.2550000004,1026313.2550000004,0,0.0
2021-08-02,1026313.2550000004,1026313.2550000004,0,0.0
2021-08-03,1026313.2550000004,1026313.2550000004,0,0.0
2021-08-04,1026313.2550000004,1026313.2550000004,0,0.0
2021-08-05,1026313.2550000004,1026313.2550000004,0,0.0
2021-08-06,1026313.2550000004,1026313.2550000004,0,0.0
2021-08-09,1026313.2550000004,1026313.2550000004,0,0.0
2021-08-10,1026313.2550000004,1026313.2550000004,0,0.0
2021-08-11,1026313.2550000004,1026313.2550000004,0,0.0
2021-08-12,1026313.2550000004,1026313.2550000004,0,0.0
2021-08-13,1026313.2550000004,1026313.2550000004,0,0.0
2021-08-16,1026313.2550000004,1026313.2550000004,0,0.0
2021-08-17,1026313.2550000004,1026313.2550000004,0,0.0
2021-08-18,1026313.2550000004,1026313.2550000004,0,0.0
2021-08-19,1026313.2550000004,1026313.2550000004,0,0.0
2021-08-20,1026313.2550000004,1026313.2550000004,0,0.0
2021-08-23,1026313.2550000004,1026313.2550000004,0,0.0
2021-08-24,1026313.2550000004,1026313.2550000004,0,0.0
2021-08-25,1026313.2550000004,1026313.2550000004,0,0.0
2021-08-26,1026313.2550000004,1026313.2550000004,0,0.0
2021-08-27,1026313.2550000004,1026313.2550000004,0,0.0
2021-08-30,1026313.2550000004,1026313.2550000004,0,0.0
2021-08-31,1026313.2550000004,1026313.2550000004,0,0.0
2021-09-01,1026313.2550000004,949348.1350000004,1,76965.12
2021-09-02,1026879.1750000004,949348.1350000004,1,77531.04000000004
2021-09-03,1027680.8950000004,949348.1350000004,1,78332.76000000001
2021-09-06,949348.1350000004,949348.1350000004,1,0.0
2021-09-07,1027280.0350000004,949348.1350000004,1,77931.90000000002
2021-09-08,1026501.8950000004,949348.1350000004,1,77153.76000000001
2021-09-09,1027185.7150000003,949348.1350000004,1,77837.57999999996
2021-09-10,1027138.5550000004,949348.1350000004,1,77790.42000000004
2021-09-13,1027162.1350000004,949348.1350000004,1,77814.0
2021-09-14,1027185.7150000003,949348.1350000004,1,77837.57999999996
2021-09-15,1028176.0750000004,949348.1350000004,1,78827.94000000006
2021-09-16,1028199.6550000004,949348.1350000004,1,78851.52000000002
2021-09-17,1027209.2950000004,949348.1350000004,1,77861.16000000003
2021-09-20,1026501.8950000004,1026501.8950000004,0,0.0
2021-09-21,1026501.8950000004,1026501.8950000004,0,0.0
2021-09-22,1026501.8950000004,1026501.8950000004,0,0.0
2021-09-23,1026501.8950000004,1026501.8950000004,0,0.0
2021-09-24,1026501.8950000004,1026501.8950000004,0,0.0
2021-09-27,1026501.8950000004,1026501.8950000004,0,0.0
2021-09-28,1026501.8950000004,1026501.8950000004,0,0.0
2021-09-29,1026501.8950000004,1026501.8950000004,0,0.0
2021-09-30,1026501.8950000004,1026501.8950000004,0,0.0
2021-10-01,1026501.8950000004,873056.3550000004,2,153445.53999999992
2021-10-04,1023895.4550000005,873056.3550000004,2,150839.1000000001
2021-10-05,1025703.0950000004,873056.3550000004,2,152646.74
2021-10-06,1026516.4650000004,873056.3550000004,2,153460.11
2021-10-07,1027856.4850000005,873056.3550000004,2,154800.13
2021-10-08,1027356.5550000004,873056.3550000004,2,154300.19999999995
2021-10-11,1026189.2650000004,873056.3550000004,2,153132.90999999992
2021-10-12,1025729.4150000004,873056.3550000004,2,152673.05999999994
2021-10-13,1026611.3950000005,873056.3550000004,2,153555.04000000004
2021-10-14,1029340.0650000004,873056.3550000004,2,156283.70999999996
2021-10-15,1030432.2550000005,873056.3550000004,2,157375.90000000002
2021-10-18,1031451.2850000004,873056.3550000004,2,158394.92999999993
2021-10-19,1032673.2250000004,873056.3550000004,2,159616.87
2021-10-20,1032875.0950000004,873056.3550000004,2,159818.74
2021-10-21,1033570.5450000005,873056.3550000004,2,160514.19000000006
2021-10-22,1032798.5350000005,873056.3550000004,2,159742.18000000005
2021-10-25,1034033.2050000004,873056.3550000004,2,160976.84999999998
2021-10-26,1034378.1950000005,873056.3550000004,2,161321.84000000008
2021-10-27,1034206.5950000004,873056.3550000004,2,161150.24
2021-10-28,1035876.3350000004,873056.3550000004,2,162819.97999999998
2021-10-29,1036432.0250000005,873056.3550000004,2,163375.67000000004
2021-11-01,1036880.3850000005,873056.3550000004,2,163824.03000000003
2021-11-02,1037545.7650000005,873056.3550000004,2,164489.41000000003
2021-11-03,1038927.0550000004,873056.3550000004,2,165870.69999999995
2021-11-04,1040377.2150000004,873056.3550000004,2,167320.86
2021-11-05,1040748.5550000005,873056.3550000004,2,167692.20000000007
2021-11-08,1040719.7750000005,873056.3550000004,2,167663.42000000004
2021-11-09,1039847.5150000005,873056.3550000004,2,166791.16000000003
2021-11-10,1037957.0250000005,873056.3550000004,2,164900.67000000004
2021-11-11,1038220.5050000005,873056.3550000004,2,165164.15000000002
2021-11-12,1039699.6150000005,873056.3550000004,2,166643.26
2021-11-15,1039701.5650000005,873056.3550000004,2,166645.21000000008
2021-11-16,1040629.2150000004,873056.3550000004,2,167572.86
2021-11-17,1040478.5850000004,873056.3550000004,2,167422.22999999998
2021-11-18,1041628.9450000004,873056.3550000004,2,168572.58999999997
2021-11-19,1041970.5450000004,873056.3550000004,2,168914.18999999994
2021-11-22,1040723.4150000005,873056.3550000004,2,167667.06000000006
2021-11-23,1040450.1550000005,873056.3550000004,2,167393.80000000005
2021-11-24,1040937.5150000005,873056.3550000004,2,167881.16000000003
2021-11-25,873056.3550000004,873056.3550000004,2,0.0
2021-11-26,1037451.0750000004,954125.4750000004,1,83325.59999999998
2021-11-29,1039259.4450000004,954125.4750000004,1,85133.96999999997
2021-11-30,1038009.1350000005,954125.4750000004,1,83883.66000000003
2021-12-01,1036582.0350000004,954125.4750000004,1,82456.55999999994
2021-12-02,1037176.3050000004,954125.4750000004,1,83050.82999999996
2021-12-03,1035732.1650000005,954125.4750000004,1,81606.69000000006
2021-12-06,1036386.0750000004,954125.4750000004,1,82260.59999999998
2021-12-07,1038863.2650000005,954125.4750000004,1,84737.79000000004
2021-12-08,1039242.4050000005,954125.4750000004,1,85116.93000000005
2021-12-09,1037989.9650000004,954125.4750000004,1,83864.48999999999
2021-12-10,1038901.6050000004,954125.4750000004,1,84776.13
2021-12-13,1037676.8550000004,1037676.8550000004,0,0.0
2021-12-14,1037676.8550000004,1037676.8550000004,0,0.0
2021-12-15,1037676.8550000004,1037676.8550000004,0,0.0
2021-12-16,1037676.8550000004,1037676.8550000004,0,0.0
2021-12-17,1037676.8550000004,1037676.8550000004,0,0.0
2021-12-20,1037676.8550000004,1037676.8550000004,0,0.0
2021-12-21,1037676.8550000004,1037676.8550000004,0,0.0
2021-12-22,1037676.8550000004,1037676.8550000004,0,0.0
2021-12-23,1037676.8550000004,1037676.8550000004,0,0.0
2021-12-24,1037676.8550000004,1037676.8550000004,0,0.0
2021-12-27,1037676.8550000004,1037676.8550000004,0,0.0
2021-12-28,1037676.8550000004,1037676.8550000004,0,0.0
2021-12-29,1037676.8550000004,1037676.8550000004,0,0.0
2021-12-30,1037676.8550000004,1037676.8550000004,0,0.0
2021-12-31,1037676.8550000004,1037676.8550000004,0,0.0
2022-01-03,1037676.8550000004,1037676.8550000004,0,0.0
2022-01-04,1037676.8550000004,1037676.8550000004,0,0.0
2022-01-05,1037676.8550000004,1037676.8550000004,0,0.0
2022-01-06,1037676.8550000004,1037676.8550000004,0,0.0
2022-01-07,1037676.8550000004,1037676.8550000004,0,0.0
2022-01-10,1037676.8550000004,1037676.8550000004,0,0.0
2022-01-11,1037676.8550000004,1037676.8550000004,0,0.0
2022-01-12,1037676.8550000004,1037676.8550000004,0,0.0
2022-01-13,1037676.8550000004,1037676.8550000004,0,0.0
2022-01-14,1037676.8550000004,1037676.8550000004,0,0.0
2022-01-17,1037676.8550000004,1037676.8550000004,0,0.0
2022-01-18,1037676.8550000004,1037676.8550000004,0,0.0
2022-01-19,1037676.8550000004,1037676.8550000004,0,0.0
2022-01-20,1037676.8550000004,1037676.8550000004,0,0.0
2022-01-21,1037676.8550000004,1037676.8550000004,0,0.0
2022-01-24,1037676.8550000004,1037676.8550000004,0,0.0
2022-01-25,1037676.8550000004,1037676.8550000004,0,0.0
2022-01-26,1037676.8550000004,1037676.8550000004,0,0.0
2022-01-27,1037676.8550000004,1037676.8550000004,0,0.0
2022-01-28,1037676.8550000004,1037676.8550000004,0,0.0
2022-01-31,1037676.8550000004,1037676.8550000004,0,0.0
2022-02-01,1037676.8550000004,1037676.8550000004,0,0.0
2022-02-02,1037676.8550000004,1037676.8550000004,0,0.0
2022-02-03,1037676.8550000004,1037676.8550000004,0,0.0
2022-02-04,1037676.8550000004,1037676.8550000004,0,0.0
2022-02-07,1037676.8550000004,1037676.8550000004,0,0.0
2022-02-08,1037676.8550000004,1037676.8550000004,0,0.0
2022-02-09,1037676.8550000004,1037676.8550000004,0,0.0
2022-02-10,1037676.8550000004,1037676.8550000004,0,0.0
2022-02-11,1037676.8550000004,1037676.8550000004,0,0.0
2022-02-14,1037676.8550000004,1037676.8550000004,0,0.0
2022-02-15,1037676.8550000004,1037676.8550000004,0,0.0
2022-02-16,1037676.8550000004,1037676.8550000004,0,0.0
2022-02-17,1037676.8550000004,1037676.8550000004,0,0.0
2022-02-18,1037676.8550000004,1037676.8550000004,0,0.0
2022-02-21,1037676.8550000004,1037676.8550000004,0,0.0
2022-02-22,1037676.8550000004,1037676.8550000004,0,0.0
2022-02-23,1037676.8550000004,1037676.8550000004,0,0.0
2022-02-24,1037676.8550000004,1037676.8550000004,0,0.0
2022-02-25,1037676.8550000004,1037676.8550000004,0,0.0
2022-02-28,1037676.8550000004,1037676.8550000004,0,0.0
2022-03-01,1037676.8550000004,959886.8850000005,1,77789.96999999997
2022-03-02,1036877.7150000004,959886.8850000005,1,76990.82999999996
2022-03-03,1037319.3450000004,959886.8850000005,1,77432.45999999996
2022-03-04,1038539.0850000004,959886.8850000005,1,78652.19999999995
2022-03-07,1039695.7350000005,959886.8850000005,1,79808.84999999998
2022-03-08,1041861.8250000004,959886.8850000005,1,81974.93999999994
2022-03-09,1039464.4050000005,959886.8850000005,1,79577.52000000002
2022-03-10,1039737.7950000005,959886.8850000005,1,79850.91000000003
2022-03-11,1039127.9250000005,959886.8850000005,1,79241.04000000004
2022-03-14,1037929.2150000004,1037929.2150000004,0,0.0
2022-03-15,1037929.2150000004,1037929.2150000004,0,0.0
2022-03-16,1037929.2150000004,1037929.2150000004,0,0.0
2022-03-17,1037929.2150000004,1037929.2150000004,0,0.0
2022-03-18,1037929.2150000004,1037929.2150000004,0,0.0
2022-03-21,1037929.2150000004,1037929.2150000004,0,0.0
2022-03-22,1037929.2150000004,1037929.2150000004,0,0.0
2022-03-23,1037929.2150000004,1037929.2150000004,0,0.0
2022-03-24,1037929.2150000004,1037929.2150000004,0,0.0
2022-03-25,1037929.2150000004,1037929.2150000004,0,0.0
2022-03-28,1037929.2150000004,1037929.2150000004,0,0.0
2022-03-29,1037929.2150000004,1037929.2150000004,0,0.0
2022-03-30,1037929.2150000004,1037929.2150000004,0,0.0
2022-03-31,1037929.2150000004,1037929.2150000004,0,0.0
2022-04-01,1037929.2150000004,1037929.2150000004,0,0.0
2022-04-04,1037929.2150000004,1037929.2150000004,0,0.0
2022-04-05,1037929.2150000004,1037929.2150000004,0,0.0
2022-04-06,1037929.2150000004,1037929.2150000004,0,0.0
2022-04-07,1037929.2150000004,1037929.2150000004,0,0.0
2022-04-08,1037929.2150000004,1037929.2150000004,0,0.0
2022-04-11,1037929.2150000004,1037929.2150000004,0,0.0
2022-04-12,1037929.2150000004,1037929.2150000004,0,0.0
2022-04-13,1037929.2150000004,1037929.2150000004,0,0.0
2022-04-14,1037929.2150000004,1037929.2150000004,0,0.0
2022-04-15,1037929.2150000004,1037929.2150000004,0,0.0
2022-04-18,1037929.2150000004,1037929.2150000004,0,0.0
2022-04-19,1037929.2150000004,1037929.2150000004,0,0.0
2022-04-20,1037929.2150000004,1037929.2150000004,0,0.0
2022-04-21,1037929.2150000004,1037929.2150000004,0,0.0
2022-04-22,1037929.2150000004,1037929.2150000004,0,0.0
2022-04-25,1037929.2150000004,1037929.2150000004,0,0.0
2022-04-26,1037929.2150000004,1037929.2150000004,0,0.0
2022-04-27,1037929.2150000004,1037929.2150000004,0,0.0
2022-04-28,1037929.2150000004,1037929.2150000004,0,0.0
2022-04-29,1037929.2150000004,1037929.2150000004,0,0.0
2022-05-02,1037929.2150000004,1037929.2150000004,0,0.0
2022-05-03,1037929.2150000004,1037929.2150000004,0,0.0
2022-05-04,1037929.2150000004,1037929.2150000004,0,0.0
2022-05-05,1037929.2150000004,1037929.2150000004,0,0.0
2022-05-06,1037929.2150000004,1037929.2150000004,0,0.0
2022-05-09,1037929.2150000004,1037929.2150000004,0,0.0
2022-05-10,1037929.2150000004,1037929.2150000004,0,0.0
2022-05-11,1037929.2150000004,1037929.2150000004,0,0.0
2022-05-12,1037929.2150000004,1037929.2150000004,0,0.0
2022-05-13,1037929.2150000004,1037929.2150000004,0,0.0
2022-05-16,1037929.2150000004,1037929.2150000004,0,0.0
2022-05-17,1037929.2150000004,1037929.2150000004,0,0.0
2022-05-18,1037929.2150000004,1037929.2150000004,0,0.0
2022-05-19,1037929.2150000004,1037929.2150000004,0,0.0
2022-05-20,1037929.2150000004,1037929.2150000004,0,0.0
2022-05-23,1037929.2150000004,1037929.2150000004,0,0.0
2022-05-24,1037929.2150000004,1037929.2150000004,0,0.0
2022-05-25,1037929.2150000004,1037929.2150000004,0,0.0
2022-05-26,1037929.2150000004,1037929.2150000004,0,0.0
2022-05-27,1037929.2150000004,1037929.2150000004,0,0.0
2022-05-30,1037929.2150000004,1037929.2150000004,0,0.0
2022-05-31,1037929.2150000004,1037929.2150000004,0,0.0
2022-06-01,1037929.2150000004,1037929.2150000004,0,0.0
2022-06-02,1037929.2150000004,1037929.2150000004,0,0.0
2022-06-03,1037929.2150000004,1037929.2150000004,0,0.0
2022-06-06,1037929.2150000004,1037929.2150000004,0,0.0
2022-06-07,1037929.2150000004,1037929.2150000004,0,0.0
2022-06-08,1037929.2150000004,1037929.2150000004,0,0.0
2022-06-09,1037929.2150000004,1037929.2150000004,0,0.0
2022-06-10,1037929.2150000004,1037929.2150000004,0,0.0
2022-06-13,1037929.2150000004,1037929.2150000004,0,0.0
2022-06-14,1037929.2150000004,1037929.2150000004,0,0.0
2022-06-15,1037929.2150000004,1037929.2150000004,0,0.0
2022-06-16,1037929.2150000004,1037929.2150000004,0,0.0
2022-06-17,1037929.2150000004,1037929.2150000004,0,0.0
2022-06-20,1037929.2150000004,1037929.2150000004,0,0.0
2022-06-21,1037929.2150000004,1037929.2150000004,0,0.0
2022-06-22,1037929.2150000004,1037929.2150000004,0,0.0
2022-06-23,1037929.2150000004,1037929.2150000004,0,0.0
2022-06-24,1037929.2150000004,1037929.2150000004,0,0.0
2022-06-27,1037929.2150000004,1037929.2150000004,0,0.0
2022-06-28,1037929.2150000004,1037929.2150000004,0,0.0
2022-06-29,1037929.2150000004,1037929.2150000004,0,0.0
2022-06-30,1037929.2150000004,1037929.2150000004,0,0.0
2022-07-01,1037929.2150000004,1037929.2150000004,0,0.0
2022-07-04,1037929.2150000004,1037929.2150000004,0,0.0
2022-07-05,1037929.2150000004,1037929.2150000004,0,0.0
2022-07-06,1037929.2150000004,1037929.2150000004,0,0.0
2022-07-07,1037929.2150000004,1037929.2150000004,0,0.0
2022-07-08,1037929.2150000004,1037929.2150000004,0,0.0
2022-07-11,1037929.2150000004,1037929.2150000004,0,0.0
2022-07-12,1037929.2150000004,1037929.2150000004,0,0.0
2022-07-13,1037929.2150000004,1037929.2150000004,0,0.0
2022-07-14,1037929.2150000004,1037929.2150000004,0,0.0
2022-07-15,1037929.2150000004,1037929.2150000004,0,0.0
2022-07-18,1037929.2150000004,1037929.2150000004,0,0.0
2022-07-19,1037929.2150000004,1037929.2150000004,0,0.0
2022-07-20,1037929.2150000004,1037929.2150000004,0,0.0
2022-07-21,1037929.2150000004,1037929.2150000004,0,0.0
2022-07-22,1037929.2150000004,1037929.2150000004,0,0.0
2022-07-25,1037929.2150000004,1037929.2150000004,0,0.0
2022-07-26,1037929.2150000004,1037929.2150000004,0,0.0
2022-07-27,1037929.2150000004,1037929.2150000004,0,0.0
2022-07-28,1037929.2150000004,1037929.2150000004,0,0.0
2022-07-29,1037929.2150000004,1037929.2150000004,0,0.0
2022-08-01,1037929.2150000004,1037929.2150000004,0,0.0
2022-08-02,1037929.2150000004,1037929.2150000004,0,0.0
2022-08-03,1037929.2150000004,1037929.2150000004,0,0.0
2022-08-04,1037929.2150000004,1037929.2150000004,0,0.0
2022-08-05,1037929.2150000004,1037929.2150000004,0,0.0
2022-08-08,1037929.2150000004,1037929.2150000004,0,0.0
2022-08-09,1037929.2150000004,1037929.2150000004,0,0.0
2022-08-10,1037929.2150000004,1037929.2150000004,0,0.0
2022-08-11,1037929.2150000004,1037929.2150000004,0,0.0
2022-08-12,1037929.2150000004,1037929.2150000004,0,0.0
2022-08-15,1037929.2150000004,1037929.2150000004,0,0.0
2022-08-16,1037929.2150000004,1037929.2150000004,0,0.0
2022-08-17,1037929.2150000004,1037929.2150000004,0,0.0
2022-08-18,1037929.2150000004,1037929.2150000004,0,0.0
2022-08-19,1037929.2150000004,1037929.2150000004,0,0.0
2022-08-22,1037929.2150000004,1037929.2150000004,0,0.0
2022-08-23,1037929.2150000004,1037929.2150000004,0,0.0
2022-08-24,1037929.2150000004,1037929.2150000004,0,0.0
2022-08-25,1037929.2150000004,1037929.2150000004,0,0.0
2022-08-26,1037929.2150000004,1037929.2150000004,0,0.0
2022-08-29,1037929.2150000004,1037929.2150000004,0,0.0
2022-08-30,1037929.2150000004,1037929.2150000004,0,0.0
2022-08-31,1037929.2150000004,1037929.2150000004,0,0.0
2022-09-01,1037929.2150000004,1037929.2150000004,0,0.0
2022-09-02,1037929.2150000004,1037929.2150000004,0,0.0
2022-09-05,1037929.2150000004,1037929.2150000004,0,0.0
2022-09-06,1037929.2150000004,1037929.2150000004,0,0.0
2022-09-07,1037929.2150000004,1037929.2150000004,0,0.0
2022-09-08,1037929.2150000004,1037929.2150000004,0,0.0
2022-09-09,1037929.2150000004,1037929.2150000004,0,0.0
2022-09-12,1037929.2150000004,1037929.2150000004,0,0.0
2022-09-13,1037929.2150000004,1037929.2150000004,0,0.0
2022-09-14,1037929.2150000004,1037929.2150000004,0,0.0
2022-09-15,1037929.2150000004,1037929.2150000004,0,0.0
2022-09-16,1037929.2150000004,1037929.2150000004,0,0.0
2022-09-19,1037929.2150000004,1037929.2150000004,0,0.0
2022-09-20,1037929.2150000004,1037929.2150000004,0,0.0
2022-09-21,1037929.2150000004,1037929.2150000004,0,0.0
2022-09-22,1037929.2150000004,1037929.2150000004,0,0.0
2022-09-23,1037929.2150000004,1037929.2150000004,0,0.0
2022-09-26,1037929.2150000004,1037929.2150000004,0,0.0
2022-09-27,1037929.2150000004,1037929.2150000004,0,0.0
2022-09-28,1037929.2150000004,1037929.2150000004,0,0.0
2022-09-29,1037929.2150000004,1037929.2150000004,0,0.0
2022-09-30,1037929.2150000004,1037929.2150000004,0,0.0
2022-10-03,1037929.2150000004,1037929.2150000004,0,0.0
2022-10-04,1037929.2150000004,1037929.2150000004,0,0.0
2022-10-05,1037929.2150000004,1037929.2150000004,0,0.0
2022-10-06,1037929.2150000004,1037929.2150000004,0,0.0
2022-10-07,1037929.2150000004,1037929.2150000004,0,0.0
2022-10-10,1037929.2150000004,1037929.2150000004,0,0.0
2022-10-11,1037929.2150000004,1037929.2150000004,0,0.0
2022-10-12,1037929.2150000004,1037929.2150000004,0,0.0
2022-10-13,1037929.2150000004,1037929.2150000004,0,0.0
2022-10-14,1037929.2150000004,1037929.2150000004,0,0.0
2022-10-17,1037929.2150000004,1037929.2150000004,0,0.0
2022-10-18,1037929.2150000004,1037929.2150000004,0,0.0
2022-10-19,1037929.2150000004,1037929.2150000004,0,0.0
2022-10-20,1037929.2150000004,1037929.2150000004,0,0.0
2022-10-21,1037929.2150000004,1037929.2150000004,0,0.0
2022-10-24,1037929.2150000004,1037929.2150000004,0,0.0
2022-10-25,1037929.2150000004,1037929.2150000004,0,0.0
2022-10-26,1037929.2150000004,1037929.2150000004,0,0.0
2022-10-27,1037929.2150000004,1037929.2150000004,0,0.0
2022-10-28,1037929.2150000004,1037929.2150000004,0,0.0
2022-10-31,1037929.2150000004,1037929.2150000004,0,0.0
2022-11-01,1037929.2150000004,1037929.2150000004,0,0.0
2022-11-02,1037929.2150000004,1037929.2150000004,0,0.0
2022-11-03,1037929.2150000004,1037929.2150000004,0,0.0
2022-11-04,1037929.2150000004,1037929.2150000004,0,0.0
2022-11-07,1037929.2150000004,1037929.2150000004,0,0.0
2022-11-08,1037929.2150000004,1037929.2150000004,0,0.0
2022-11-09,1037929.2150000004,1037929.2150000004,0,0.0
2022-11-10,1037929.2150000004,1037929.2150000004,0,0.0
2022-11-11,1037929.2150000004,1037929.2150000004,0,0.0
2022-11-14,1037929.2150000004,1037929.2150000004,0,0.0
2022-11-15,1037929.2150000004,1037929.2150000004,0,0.0
2022-11-16,1037929.2150000004,1037929.2150000004,0,0.0
2022-11-17,1037929.2150000004,1037929.2150000004,0,0.0
2022-11-18,1037929.2150000004,1037929.2150000004,0,0.0
2022-11-21,1037929.2150000004,1037929.2150000004,0,0.0
2022-11-22,1037929.2150000004,1037929.2150000004,0,0.0
2022-11-23,1037929.2150000004,1037929.2150000004,0,0.0
2022-11-24,1037929.2150000004,1037929.2150000004,0,0.0
2022-11-25,1037929.2150000004,1037929.2150000004,0,0.0
2022-11-28,1037929.2150000004,1037929.2150000004,0,0.0
2022-11-29,1037929.2150000004,1037929.2150000004,0,0.0
2022-11-30,1037929.2150000004,1037929.2150000004,0,0.0
2022-12-01,1037929.2150000004,1037929.2150000004,0,0.0
2022-12-02,1037929.2150000004,1037929.2150000004,0,0.0
2022-12-05,1037929.2150000004,1037929.2150000004,0,0.0
2022-12-06,1037929.2150000004,1037929.2150000004,0,0.0
2022-12-07,1037929.2150000004,1037929.2150000004,0,0.0
2022-12-08,1037929.2150000004,1037929.2150000004,0,0.0
2022-12-09,1037929.2150000004,1037929.2150000004,0,0.0
2022-12-12,1037929.2150000004,1037929.2150000004,0,0.0
2022-12-13,1037929.2150000004,1037929.2150000004,0,0.0
2022-12-14,1037929.2150000004,1037929.2150000004,0,0.0
2022-12-15,1037929.2150000004,1037929.2150000004,0,0.0
2022-12-16,1037929.2150000004,1037929.2150000004,0,0.0
2022-12-19,1037929.2150000004,1037929.2150000004,0,0.0
2022-12-20,1037929.2150000004,1037929.2150000004,0,0.0
2022-12-21,1037929.2150000004,1037929.2150000004,0,0.0
2022-12-22,1037929.2150000004,1037929.2150000004,0,0.0
2022-12-23,1037929.2150000004,1037929.2150000004,0,0.0
2022-12-26,1037929.2150000004,1037929.2150000004,0,0.0
2022-12-27,1037929.2150000004,1037929.2150000004,0,0.0
2022-12-28,1037929.2150000004,1037929.2150000004,0,0.0
2022-12-29,1037929.2150000004,1037929.2150000004,0,0.0
2022-12-30,1037929.2150000004,1037929.2150000004,0,0.0
2023-01-03,1037929.2150000004,1037929.2150000004,0,0.0
2023-01-04,1037929.2150000004,1037929.2150000004,0,0.0
2023-01-05,1037929.2150000004,1037929.2150000004,0,0.0
2023-01-06,1037929.2150000004,1037929.2150000004,0,0.0
2023-01-09,1037929.2150000004,1037929.2150000004,0,0.0
2023-01-10,1037929.2150000004,1037929.2150000004,0,0.0
2023-01-11,1037929.2150000004,1037929.2150000004,0,0.0
2023-01-12,1037929.2150000004,1037929.2150000004,0,0.0
2023-01-13,1037929.2150000004,1037929.2150000004,0,0.0
2023-01-16,1037929.2150000004,1037929.2150000004,0,0.0
2023-01-17,1037929.2150000004,1037929.2150000004,0,0.0
2023-01-18,1037929.2150000004,1037929.2150000004,0,0.0
2023-01-19,1037929.2150000004,1037929.2150000004,0,0.0
2023-01-20,1037929.2150000004,1037929.2150000004,0,0.0
2023-01-23,1037929.2150000004,1037929.2150000004,0,0.0
2023-01-24,1037929.2150000004,1037929.2150000004,0,0.0
2023-01-25,1037929.2150000004,1037929.2150000004,0,0.0
2023-01-26,1037929.2150000004,1037929.2150000004,0,0.0
2023-01-27,1037929.2150000004,1037929.2150000004,0,0.0
2023-01-30,1037929.2150000004,1037929.2150000004,0,0.0
2023-01-31,1037929.2150000004,1037929.2150000004,0,0.0
2023-02-01,1037929.2150000004,960084.7700000005,1,77844.44499999995
2023-02-02,1038583.3700000005,960084.7700000005,1,78498.59999999998
2023-02-03,1037405.8910000005,960084.7700000005,1,77321.12100000004
2023-02-06,1034396.7780000005,960084.7700000005,1,74312.00800000003
2023-02-07,1035312.5950000004,960084.7700000005,1,75227.82499999995
2023-02-08,1034004.2850000005,960084.7700000005,1,73919.51500000001
2023-02-09,1036359.2430000005,1036359.2430000005,0,0.0
2023-02-10,1036359.2430000005,1036359.2430000005,0,0.0
2023-02-13,1036359.2430000005,1036359.2430000005,0,0.0
2023-02-14,1036359.2430000005,1036359.2430000005,0,0.0
2023-02-15,1036359.2430000005,1036359.2430000005,0,0.0
2023-02-16,1036359.2430000005,1036359.2430000005,0,0.0
2023-02-17,1036359.2430000005,1036359.2430000005,0,0.0
2023-02-20,1036359.2430000005,1036359.2430000005,0,0.0
2023-02-21,1036359.2430000005,1036359.2430000005,0,0.0
2023-02-22,1036359.2430000005,1036359.2430000005,0,0.0
2023-02-23,1036359.2430000005,1036359.2430000005,0,0.0
2023-02-24,1036359.2430000005,1036359.2430000005,0,0.0
2023-02-27,1036359.2430000005,1036359.2430000005,0,0.0
2023-02-28,1036359.2430000005,1036359.2430000005,0,0.0
2023-03-01,1036359.2430000005,1036359.2430000005,0,0.0
2023-03-02,1036359.2430000005,1036359.2430000005,0,0.0
2023-03-03,1036359.2430000005,1036359.2430000005,0,0.0
2023-03-06,1036359.2430000005,1036359.2430000005,0,0.0
2023-03-07,1036359.2430000005,1036359.2430000005,0,0.0
2023-03-08,1036359.2430000005,1036359.2430000005,0,0.0
2023-03-09,1036359.2430000005,1036359.2430000005,0,0.0
2023-03-10,1036359.2430000005,1036359.2430000005,0,0.0
2023-03-13,1036359.2430000005,1036359.2430000005,0,0.0
2023-03-14,1036359.2430000005,1036359.2430000005,0,0.0
2023-03-15,1036359.2430000005,1036359.2430000005,0,0.0
2023-03-16,1036359.2430000005,1036359.2430000005,0,0.0
2023-03-17,1036359.2430000005,1036359.2430000005,0,0.0
2023-03-20,1036359.2430000005,1036359.2430000005,0,0.0
2023-03-21,1036359.2430000005,1036359.2430000005,0,0.0
2023-03-22,1036359.2430000005,1036359.2430000005,0,0.0
2023-03-23,1036359.2430000005,1036359.2430000005,0,0.0
2023-03-24,1036359.2430000005,1036359.2430000005,0,0.0
2023-03-27,1036359.2430000005,1036359.2430000005,0,0.0
2023-03-28,1036359.2430000005,1036359.2430000005,0,0.0
2023-03-29,1036359.2430000005,1036359.2430000005,0,0.0
2023-03-30,1036359.2430000005,1036359.2430000005,0,0.0
2023-03-31,1036359.2430000005,1036359.2430000005,0,0.0
2023-04-03,1036359.2430000005,1036359.2430000005,0,0.0
2023-04-04,1036359.2430000005,1036359.2430000005,0,0.0
2023-04-05,1036359.2430000005,1036359.2430000005,0,0.0
2023-04-06,1036359.2430000005,1036359.2430000005,0,0.0
2023-04-07,1036359.2430000005,1036359.2430000005,0,0.0
2023-04-10,1036359.2430000005,1036359.2430000005,0,0.0
2023-04-11,1036359.2430000005,1036359.2430000005,0,0.0
2023-04-12,1036359.2430000005,1036359.2430000005,0,0.0
2023-04-13,1036359.2430000005,1036359.2430000005,0,0.0
2023-04-14,1036359.2430000005,1036359.2430000005,0,0.0
2023-04-17,1036359.2430000005,1036359.2430000005,0,0.0
2023-04-18,1036359.2430000005,1036359.2430000005,0,0.0
2023-04-19,1036359.2430000005,1036359.2430000005,0,0.0
2023-04-20,1036359.2430000005,1036359.2430000005,0,0.0
2023-04-21,1036359.2430000005,1036359.2430000005,0,0.0
2023-04-24,1036359.2430000005,1036359.2430000005,0,0.0
2023-04-25,1036359.2430000005,1036359.2430000005,0,0.0
2023-04-26,1036359.2430000005,1036359.2430000005,0,0.0
2023-04-27,1036359.2430000005,1036359.2430000005,0,0.0
2023-04-28,1036359.2430000005,1036359.2430000005,0,0.0
2023-05-01,1036359.2430000005,1036359.2430000005,0,0.0
2023-05-02,1036359.2430000005,1036359.2430000005,0,0.0
2023-05-03,1036359.2430000005,1036359.2430000005,0,0.0
2023-05-04,1036359.2430000005,1036359.2430000005,0,0.0
2023-05-05,1036359.2430000005,1036359.2430000005,0,0.0
2023-05-08,1036359.2430000005,1036359.2430000005,0,0.0
2023-05-09,1036359.2430000005,1036359.2430000005,0,0.0
2023-05-10,1036359.2430000005,1036359.2430000005,0,0.0
2023-05-11,1036359.2430000005,1036359.2430000005,0,0.0
2023-05-12,1036359.2430000005,1036359.2430000005,0,0.0
2023-05-15,1036359.2430000005,1036359.2430000005,0,0.0
2023-05-16,1036359.2430000005,1036359.2430000005,0,0.0
2023-05-17,1036359.2430000005,1036359.2430000005,0,0.0
2023-05-18,1036359.2430000005,1036359.2430000005,0,0.0
2023-05-19,1036359.2430000005,1036359.2430000005,0,0.0
2023-05-22,1036359.2430000005,1036359.2430000005,0,0.0
2023-05-23,1036359.2430000005,1036359.2430000005,0,0.0
2023-05-24,1036359.2430000005,1036359.2430000005,0,0.0
2023-05-25,1036359.2430000005,1036359.2430000005,0,0.0
2023-05-26,1036359.2430000005,1036359.2430000005,0,0.0
2023-05-29,1036359.2430000005,1036359.2430000005,0,0.0
2023-05-30,1036359.2430000005,1036359.2430000005,0,0.0
2023-05-31,1036359.2430000005,1036359.2430000005,0,0.0
2023-06-01,1036359.2430000005,1036359.2430000005,0,0.0
2023-06-02,1036359.2430000005,1036359.2430000005,0,0.0
2023-06-05,1036359.2430000005,1036359.2430000005,0,0.0
2023-06-06,1036359.2430000005,1036359.2430000005,0,0.0
2023-06-07,1036359.2430000005,1036359.2430000005,0,0.0
2023-06-08,1036359.2430000005,1036359.2430000005,0,0.0
2023-06-09,1036359.2430000005,1036359.2430000005,0,0.0
2023-06-12,1036359.2430000005,1036359.2430000005,0,0.0
2023-06-13,1036359.2430000005,1036359.2430000005,0,0.0
2023-06-14,1036359.2430000005,1036359.2430000005,0,0.0
2023-06-15,1036359.2430000005,1036359.2430000005,0,0.0
2023-06-16,1036359.2430000005,1036359.2430000005,0,0.0
2023-06-19,1036359.2430000005,1036359.2430000005,0,0.0
2023-06-20,1036359.2430000005,1036359.2430000005,0,0.0
2023-06-21,1036359.2430000005,1036359.2430000005,0,0.0
2023-06-22,1036359.2430000005,1036359.2430000005,0,0.0
2023-06-23,1036359.2430000005,1036359.2430000005,0,0.0
2023-06-26,1036359.2430000005,1036359.2430000005,0,0.0
2023-06-27,1036359.2430000005,1036359.2430000005,0,0.0
2023-06-28,1036359.2430000005,1036359.2430000005,0,0.0
2023-06-29,1036359.2430000005,1036359.2430000005,0,0.0
2023-06-30,1036359.2430000005,1036359.2430000005,0,0.0
2023-07-03,1036359.2430000005,1036359.2430000005,0,0.0
2023-07-04,1036359.2430000005,1036359.2430000005,0,0.0
2023-07-05,1036359.2430000005,1036359.2430000005,0,0.0
2023-07-06,1036359.2430000005,1036359.2430000005,0,0.0
2023-07-07,1036359.2430000005,1036359.2430000005,0,0.0
2023-07-10,1036359.2430000005,1036359.2430000005,0,0.0
2023-07-11,1036359.2430000005,1036359.2430000005,0,0.0
2023-07-12,1036359.2430000005,1036359.2430000005,0,0.0
2023-07-13,1036359.2430000005,1036359.2430000005,0,0.0
2023-07-14,1036359.2430000005,1036359.2430000005,0,0.0
2023-07-17,1036359.2430000005,1036359.2430000005,0,0.0
2023-07-18,1036359.2430000005,1036359.2430000005,0,0.0
2023-07-19,1036359.2430000005,1036359.2430000005,0,0.0
2023-07-20,1036359.2430000005,1036359.2430000005,0,0.0
2023-07-21,1036359.2430000005,1036359.2430000005,0,0.0
2023-07-24,1036359.2430000005,1036359.2430000005,0,0.0
2023-07-25,1036359.2430000005,1036359.2430000005,0,0.0
2023-07-26,1036359.2430000005,1036359.2430000005,0,0.0
2023-07-27,1036359.2430000005,1036359.2430000005,0,0.0
2023-07-28,1036359.2430000005,1036359.2430000005,0,0.0
2023-07-31,1036359.2430000005,1036359.2430000005,0,0.0
2023-08-01,1036359.2430000005,958632.9030000005,1,77726.33999999997
2023-08-02,1034177.4510000005,958632.9030000005,1,75544.54799999995
2023-08-03,1035722.8870000006,958632.9030000005,1,77089.98400000005
2023-08-04,1036086.5190000006,958632.9030000005,1,77453.61600000004
2023-08-07,1035995.6110000005,958632.9030000005,1,77362.70799999998
2023-08-08,1034541.0830000006,958632.9030000005,1,75908.18000000005
2023-08-09,1034631.9910000005,958632.9030000005,1,75999.08799999999
2023-08-10,1034722.8990000006,958632.9030000005,1,76089.99600000004
2023-08-11,1033177.4630000005,958632.9030000005,1,74544.55999999994
2023-08-14,1032450.1990000005,958632.9030000005,1,73817.29599999997
2023-08-15,1032904.7390000005,958632.9030000005,1,74271.83600000001
2023-08-16,1031813.8430000006,1031813.8430000006,0,0.0
2023-08-17,1031813.8430000006,1031813.8430000006,0,0.0
2023-08-18,1031813.8430000006,1031813.8430000006,0,0.0
2023-08-21,1031813.8430000006,1031813.8430000006,0,0.0
2023-08-22,1031813.8430000006,1031813.8430000006,0,0.0
2023-08-23,1031813.8430000006,1031813.8430000006,0,0.0
2023-08-24,1031813.8430000006,1031813.8430000006,0,0.0
2023-08-25,1031813.8430000006,1031813.8430000006,0,0.0
2023-08-28,1031813.8430000006,1031813.8430000006,0,0.0
2023-08-29,1031813.8430000006,1031813.8430000006,0,0.0
2023-08-30,1031813.8430000006,1031813.8430000006,0,0.0
2023-08-31,1031813.8430000006,1031813.8430000006,0,0.0
2023-09-01,1031813.8430000006,1031813.8430000006,0,0.0
2023-09-04,1031813.8430000006,1031813.8430000006,0,0.0
2023-09-05,1031813.8430000006,1031813.8430000006,0,0.0
2023-09-06,1031813.8430000006,1031813.8430000006,0,0.0
2023-09-07,1031813.8430000006,1031813.8430000006,0,0.0
2023-09-08,1031813.8430000006,1031813.8430000006,0,0.0
2023-09-11,1031813.8430000006,1031813.8430000006,0,0.0
2023-09-12,1031813.8430000006,1031813.8430000006,0,0.0
2023-09-13,1031813.8430000006,1031813.8430000006,0,0.0
2023-09-14,1031813.8430000006,1031813.8430000006,0,0.0
2023-09-15,1031813.8430000006,1031813.8430000006,0,0.0
2023-09-18,1031813.8430000006,1031813.8430000006,0,0.0
2023-09-19,1031813.8430000006,1031813.8430000006,0,0.0
2023-09-20,1031813.8430000006,1031813.8430000006,0,0.0
2023-09-21,1031813.8430000006,1031813.8430000006,0,0.0
2023-09-22,1031813.8430000006,1031813.8430000006,0,0.0
2023-09-25,1031813.8430000006,1031813.8430000006,0,0.0
2023-09-26,1031813.8430000006,1031813.8430000006,0,0.0
2023-09-27,1031813.8430000006,1031813.8430000006,0,0.0
2023-09-28,1031813.8430000006,1031813.8430000006,0,0.0
2023-09-29,1031813.8430000006,1031813.8430000006,0,0.0
2023-10-02,1031813.8430000006,954432.9030000006,1,77380.93999999994
2023-10-03,1030635.9130000006,954432.9030000006,1,76203.01000000001
2023-10-04,1028098.8330000007,954432.9030000006,1,73665.93000000005
2023-10-05,1030273.4730000006,954432.9030000006,1,75840.56999999995
2023-10-06,1030182.8630000006,954432.9030000006,1,75749.95999999996
2023-10-09,1030001.6430000006,1030001.6430000006,0,0.0
2023-10-10,1030001.6430000006,1030001.6430000006,0,0.0
2023-10-11,1030001.6430000006,1030001.6430000006,0,0.0
2023-10-12,1030001.6430000006,1030001.6430000006,0,0.0
2023-10-13,1030001.6430000006,1030001.6430000006,0,0.0
2023-10-16,1030001.6430000006,1030001.6430000006,0,0.0
2023-10-17,1030001.6430000006,1030001.6430000006,0,0.0
2023-10-18,1030001.6430000006,1030001.6430000006,0,0.0
2023-10-19,1030001.6430000006,1030001.6430000006,0,0.0
2023-10-20,1030001.6430000006,1030001.6430000006,0,0.0
2023-10-23,1030001.6430000006,1030001.6430000006,0,0.0
2023-10-24,1030001.6430000006,1030001.6430000006,0,0.0
2023-10-25,1030001.6430000006,1030001.6430000006,0,0.0
2023-10-26,1030001.6430000006,1030001.6430000006,0,0.0
2023-10-27,1030001.6430000006,1030001.6430000006,0,0.0
2023-10-30,1030001.6430000006,1030001.6430000006,0,0.0
2023-10-31,1030001.6430000006,1030001.6430000006,0,0.0
2023-11-01,1030001.6430000006,952759.1230000006,1,77242.52000000002
2023-11-02,1030290.3230000006,952759.1230000006,1,77531.19999999995
2023-11-03,1030558.3830000006,952759.1230000006,1,77799.26000000001
2023-11-06,1029939.7830000006,952759.1230000006,1,77180.66000000003
2023-11-07,1029609.8630000006,952759.1230000006,1,76850.73999999999
2023-11-08,1028846.9230000007,952759.1230000006,1,76087.80000000005
2023-11-09,1029135.6030000006,952759.1230000006,1,76376.47999999998
2023-11-10,1028310.8030000007,1028310.8030000007,0,0.0
2023-11-13,1028310.8030000007,1028310.8030000007,0,0.0
2023-11-14,1028310.8030000007,1028310.8030000007,0,0.0
2023-11-15,1028310.8030000007,1028310.8030000007,0,0.0
2023-11-16,1028310.8030000007,1028310.8030000007,0,0.0
2023-11-17,1028310.8030000007,1028310.8030000007,0,0.0
2023-11-20,1028310.8030000007,1028310.8030000007,0,0.0
2023-11-21,1028310.8030000007,1028310.8030000007,0,0.0
2023-11-22,1028310.8030000007,1028310.8030000007,0,0.0
2023-11-23,1028310.8030000007,1028310.8030000007,0,0.0
2023-11-24,1028310.8030000007,1028310.8030000007,0,0.0
2023-11-27,1028310.8030000007,1028310.8030000007,0,0.0
2023-11-28,1028310.8030000007,1028310.8030000007,0,0.0
2023-11-29,1028310.8030000007,1028310.8030000007,0,0.0
2023-11-30,1028310.8030000007,1028310.8030000007,0,0.0
2023-12-01,1028310.8030000007,874215.2330000007,2,154095.56999999995
2023-12-04,1026278.6030000007,874215.2330000007,2,152063.37
2023-12-05,1025967.0030000007,874215.2330000007,2,151751.77000000002
2023-12-06,1025924.9430000007,874215.2330000007,2,151709.70999999996
2023-12-07,1026629.0730000007,874215.2330000007,2,152413.83999999997
2023-12-08,1025939.0830000007,948726.6330000007,1,77212.44999999995
2023-12-11,1026239.6830000008,948726.6330000007,1,77513.05000000005
2023-12-12,1026623.7830000008,948726.6330000007,1,77897.15000000002
2023-12-13,1027690.9130000008,948726.6330000007,1,78964.28000000003
2023-12-14,1027938.0730000008,948726.6330000007,1,79211.44000000006
2023-12-15,1027804.4730000007,948726.6330000007,1,79077.83999999997
2023-12-18,1028243.6830000008,948726.6330000007,1,79517.05000000005
2023-12-19,1028702.9330000008,948726.6330000007,1,79976.30000000005
2023-12-20,1027240.0130000007,948726.6330000007,1,78513.38
2023-12-21,1028036.6030000007,948726.6330000007,1,79309.96999999997
2023-12-22,1028188.5730000008,948726.6330000007,1,79461.94000000006
2023-12-25,948726.6330000007,948726.6330000007,1,0.0
2023-12-26,1028530.9230000008,948726.6330000007,1,79804.29000000004
2023-12-27,1028682.8930000007,948726.6330000007,1,79956.26000000001
2023-12-28,1028719.6330000007,948726.6330000007,1,79993.0
2023-12-29,1028490.8430000007,948726.6330000007,1,79764.20999999996
2024-01-02,1028033.2630000007,948726.6330000007,1,79306.63
2024-01-03,1027385.3030000008,948726.6330000007,1,78658.67000000004
2024-01-04,1027143.1530000007,948726.6330000007,1,78416.52000000002
2024-01-05,1027236.6730000008,948726.6330000007,1,78510.04000000004
2024-01-08,1028317.1630000008,948726.6330000007,1,79590.53000000003
2024-01-09,1028242.0130000007,948726.6330000007,1,79515.38
2024-01-10,1028687.9030000007,948726.6330000007,1,79961.27000000002
2024-01-11,1028644.4830000007,948726.6330000007,1,79917.84999999998
2024-01-12,1028712.9530000007,948726.6330000007,1,79986.31999999995
2024-01-15,948726.6330000007,948726.6330000007,1,0.0
2024-01-16,1028435.7330000007,948726.6330000007,1,79709.09999999998
2024-01-17,1027988.1730000008,948726.6330000007,1,79261.54000000004
2024-01-18,1028667.8630000007,948726.6330000007,1,79941.22999999998
2024-01-19,1029668.1930000007,948726.6330000007,1,80941.55999999994
2024-01-22,1029843.5430000008,948726.6330000007,1,81116.91000000003
2024-01-23,1030095.7130000007,948726.6330000007,1,81369.07999999996
2024-01-24,1030157.5030000007,948726.6330000007,1,81430.87
2024-01-25,1030611.7430000007,948726.6330000007,1,81885.10999999999
2024-01-26,1030526.5730000008,948726.6330000007,1,81799.94000000006
2024-01-29,1031169.5230000007,948726.6330000007,1,82442.89000000001
2024-01-30,1031107.7330000007,948726.6330000007,1,82381.09999999998
2024-01-31,1029755.0330000008,948726.6330000007,1,81028.40000000002
2024-02-01,1030830.5130000007,948726.6330000007,1,82103.88
2024-02-02,1031677.2030000007,948726.6330000007,1,82950.56999999995
2024-02-05,1031399.9830000007,948726.6330000007,1,82673.34999999998
2024-02-06,1031623.7630000007,948726.6330000007,1,82897.13
2024-02-07,1032296.7730000007,948726.6330000007,1,83570.14000000001
2024-02-08,1032351.8830000007,948726.6330000007,1,83625.25
2024-02-09,1032836.1830000008,948726.6330000007,1,84109.55000000005
2024-02-12,1032791.0930000007,948726.6330000007,1,84064.45999999996
2024-02-13,1031662.1730000008,948726.6330000007,1,82935.54000000004
2024-02-14,1032401.9830000007,948726.6330000007,1,83675.34999999998
2024-02-15,1032953.0830000007,948726.6330000007,1,84226.44999999995
2024-02-16,1032552.2830000008,948726.6330000007,1,83825.65000000002
2024-02-19,948726.6330000007,948726.6330000007,1,0.0
2024-02-20,1032086.3530000007,948726.6330000007,1,83359.71999999997
2024-02-21,1032161.5030000007,948726.6330000007,1,83434.87
2024-02-22,1033904.9830000007,948726.6330000007,1,85178.34999999998
2024-02-23,1033953.4130000008,948726.6330000007,1,85226.78000000003
2024-02-26,1033632.7730000007,948726.6330000007,1,84906.14000000001
2024-02-27,1033783.0730000008,948726.6330000007,1,85056.44000000006
2024-02-28,1033676.1930000007,948726.6330000007,1,84949.55999999994
2024-02-29,1033971.7830000008,948726.6330000007,1,85245.15000000002
2024-03-01,1034796.7630000007,948726.6330000007,1,86070.13
2024-03-04,1034694.8930000007,948726.6330000007,1,85968.26000000001
2024-03-05,1033826.4930000007,948726.6330000007,1,85099.85999999999
2024-03-06,1034287.4130000008,948726.6330000007,1,85560.78000000003
2024-03-07,1035137.4430000007,948726.6330000007,1,86410.80999999994
2024-03-08,1034613.0630000008,948726.6330000007,1,85886.43000000005
2024-03-11,1034571.3130000008,948726.6330000007,1,85844.68000000005
2024-03-12,1035466.4330000008,948726.6330000007,1,86739.80000000005
2024-03-13,1035327.8230000008,948726.6330000007,1,86601.19000000006
2024-03-14,1035139.1130000007,948726.6330000007,1,86412.47999999998
2024-03-15,1034436.0430000008,948726.6330000007,1,85709.41000000003
2024-03-18,1035040.5830000007,948726.6330000007,1,86313.94999999995
2024-03-19,1035539.9130000008,948726.6330000007,1,86813.28000000003
2024-03-20,1036346.5230000007,948726.6330000007,1,87619.89000000001
2024-03-21,1036338.1730000008,948726.6330000007,1,87611.54000000004
2024-03-22,1036221.2730000007,948726.6330000007,1,87494.64000000001
2024-03-25,1035947.3930000007,948726.6330000007,1,87220.76000000001
2024-03-26,1035763.6930000007,948726.6330000007,1,87037.05999999994
2024-03-27,1036521.8730000007,948726.6330000007,1,87795.23999999999
2024-03-28,1036523.5430000008,948726.6330000007,1,87796.91000000003
2024-03-29,948726.6330000007,948726.6330000007,1,0.0
2024-04-01,1036381.5930000007,870999.5430000008,2,165382.04999999993
2024-04-02,1035869.0950000008,870999.5430000008,2,164869.55200000003
2024-04-03,1037051.5710000008,870999.5430000008,2,166052.02800000005
2024-04-04,957106.4130000008,870999.5430000008,2,86106.87
2024-04-05,958004.8730000007,870999.5430000008,2,87005.32999999996
2024-04-08,1038755.8650000007,958028.2530000007,1,80727.61199999996
2024-04-09,1038982.0350000007,958028.2530000007,1,80953.782
2024-04-10,1039268.5170000007,958028.2530000007,1,81240.26399999997
2024-04-11,1038665.3970000007,958028.2530000007,1,80637.14399999997
2024-04-12,1041017.5650000008,958028.2530000007,1,82989.31200000003
2024-04-15,1039705.7790000007,958028.2530000007,1,81677.52599999995
2024-04-16,1040233.5090000008,958028.2530000007,1,82205.25600000005
2024-04-17,1040369.2110000007,958028.2530000007,1,82340.95799999998
2024-04-18,1040127.9630000007,958028.2530000007,1,82099.70999999996
2024-04-19,1040519.9910000007,958028.2530000007,1,82491.73800000001
2024-04-22,1038906.6450000007,958028.2530000007,1,80878.39199999999
2024-04-23,1036916.3490000007,1036916.3490000007,0,0.0
2024-04-24,1036916.3490000007,1036916.3490000007,0,0.0
2024-04-25,1036916.3490000007,1036916.3490000007,0,0.0
2024-04-26,1036916.3490000007,1036916.3490000007,0,0.0
2024-04-29,1036916.3490000007,1036916.3490000007,0,0.0
2024-04-30,1036916.3490000007,1036916.3490000007,0,0.0
2024-05-01,1036916.3490000007,1036916.3490000007,0,0.0
2024-05-02,1036916.3490000007,1036916.3490000007,0,0.0
2024-05-03,1036916.3490000007,1036916.3490000007,0,0.0
2024-05-06,1036916.3490000007,1036916.3490000007,0,0.0
2024-05-07,1036916.3490000007,1036916.3490000007,0,0.0
2024-05-08,1036916.3490000007,1036916.3490000007,0,0.0
2024-05-09,1036916.3490000007,1036916.3490000007,0,0.0
2024-05-10,1036916.3490000007,1036916.3490000007,0,0.0
2024-05-13,1036916.3490000007,1036916.3490000007,0,0.0
2024-05-14,1036916.3490000007,1036916.3490000007,0,0.0
2024-05-15,1036916.3490000007,1036916.3490000007,0,0.0
2024-05-16,1036916.3490000007,1036916.3490000007,0,0.0
2024-05-17,1036916.3490000007,1036916.3490000007,0,0.0
2024-05-20,1036916.3490000007,1036916.3490000007,0,0.0
2024-05-21,1036916.3490000007,1036916.3490000007,0,0.0
2024-05-22,1036916.3490000007,1036916.3490000007,0,0.0
2024-05-23,1036916.3490000007,1036916.3490000007,0,0.0
2024-05-24,1036916.3490000007,1036916.3490000007,0,0.0
2024-05-27,1036916.3490000007,1036916.3490000007,0,0.0
2024-05-28,1036916.3490000007,1036916.3490000007,0,0.0
2024-05-29,1036916.3490000007,1036916.3490000007,0,0.0
2024-05-30,1036916.3490000007,1036916.3490000007,0,0.0
2024-05-31,1036916.3490000007,1036916.3490000007,0,0.0
2024-06-03,1036916.3490000007,1036916.3490000007,0,0.0
2024-06-04,1036916.3490000007,1036916.3490000007,0,0.0
2024-06-05,1036916.3490000007,1036916.3490000007,0,0.0
2024-06-06,1036916.3490000007,1036916.3490000007,0,0.0
2024-06-07,1036916.3490000007,1036916.3490000007,0,0.0
2024-06-10,1036916.3490000007,1036916.3490000007,0,0.0
2024-06-11,1036916.3490000007,1036916.3490000007,0,0.0
2024-06-12,1036916.3490000007,1036916.3490000007,0,0.0
2024-06-13,1036916.3490000007,1036916.3490000007,0,0.0
2024-06-14,1036916.3490000007,1036916.3490000007,0,0.0
2024-06-17,1036916.3490000007,1036916.3490000007,0,0.0
2024-06-18,1036916.3490000007,1036916.3490000007,0,0.0
2024-06-19,1036916.3490000007,1036916.3490000007,0,0.0
2024-06-20,1036916.3490000007,1036916.3490000007,0,0.0
2024-06-21,1036916.3490000007,1036916.3490000007,0,0.0
2024-06-24,1036916.3490000007,1036916.3490000007,0,0.0
2024-06-25,1036916.3490000007,1036916.3490000007,0,0.0
2024-06-26,1036916.3490000007,1036916.3490000007,0,0.0
2024-06-27,1036916.3490000007,1036916.3490000007,0,0.0
2024-06-28,1036916.3490000007,1036916.3490000007,0,0.0
2024-07-01,1036916.3490000007,1036916.3490000007,0,0.0
2024-07-02,1036916.3490000007,1036916.3490000007,0,0.0
2024-07-03,1036916.3490000007,1036916.3490000007,0,0.0
2024-07-04,1036916.3490000007,1036916.3490000007,0,0.0
2024-07-05,1036916.3490000007,1036916.3490000007,0,0.0
2024-07-08,1036916.3490000007,1036916.3490000007,0,0.0
2024-07-09,1036916.3490000007,1036916.3490000007,0,0.0
2024-07-10,1036916.3490000007,1036916.3490000007,0,0.0
2024-07-11,1036916.3490000007,1036916.3490000007,0,0.0
2024-07-12,1036916.3490000007,1036916.3490000007,0,0.0
2024-07-15,1036916.3490000007,1036916.3490000007,0,0.0
2024-07-16,1036916.3490000007,1036916.3490000007,0,0.0
2024-07-17,1036916.3490000007,1036916.3490000007,0,0.0
2024-07-18,1036916.3490000007,1036916.3490000007,0,0.0
2024-07-19,1036916.3490000007,1036916.3490000007,0,0.0
2024-07-22,1036916.3490000007,1036916.3490000007,0,0.0
2024-07-23,1036916.3490000007,1036916.3490000007,0,0.0
2024-07-24,1036916.3490000007,1036916.3490000007,0,0.0
2024-07-25,1036916.3490000007,1036916.3490000007,0,0.0
2024-07-26,1036916.3490000007,1036916.3490000007,0,0.0
2024-07-29,1036916.3490000007,1036916.3490000007,0,0.0
2024-07-30,1036916.3490000007,1036916.3490000007,0,0.0
2024-07-31,1036916.3490000007,1036916.3490000007,0,0.0
2024-08-01,1036916.3490000007,881694.7090000007,2,155221.64
2024-08-02,1033612.7990000007,881694.7090000007,2,151918.08999999997
2024-08-05,1029137.7990000008,955560.2690000008,1,73577.53000000003
2024-08-06,1029840.8390000007,955560.2690000008,1,74280.56999999995
2024-08-07,1029036.3990000008,955560.2690000008,1,73476.13
2024-08-08,1031284.0990000007,955560.2690000008,1,75723.82999999996
2024-08-09,1031679.5590000008,955560.2690000008,1,76119.29000000004
2024-08-12,1031843.4890000008,955560.2690000008,1,76283.21999999997
2024-08-13,1033736.2890000008,955560.2690000008,1,78176.02000000002
2024-08-14,1033761.6390000008,955560.2690000008,1,78201.37
2024-08-15,1035737.2490000008,955560.2690000008,1,80176.97999999998
2024-08-16,1035840.3390000007,955560.2690000008,1,80280.06999999995
2024-08-19,1036894.8990000008,955560.2690000008,1,81334.63
2024-08-20,1036724.2090000007,955560.2690000008,1,81163.93999999994
2024-08-21,1037102.7690000008,955560.2690000008,1,81542.5
2024-08-22,1035809.9190000008,955560.2690000008,1,80249.65000000002
2024-08-23,1036680.2690000008,955560.2690000008,1,81120.0
2024-08-26,1035892.7290000007,955560.2690000008,1,80332.45999999996
2024-08-27,1036132.7090000007,955560.2690000008,1,80572.43999999994
2024-08-28,1035218.4190000008,955560.2690000008,1,79658.15000000002
2024-08-29,1035101.8090000008,1035101.8090000008,0,0.0
2024-08-30,1035101.8090000008,1035101.8090000008,0,0.0
2024-09-02,1035101.8090000008,1035101.8090000008,0,0.0
2024-09-03,1035101.8090000008,1035101.8090000008,0,0.0
2024-09-04,1035101.8090000008,1035101.8090000008,0,0.0
2024-09-05,1035101.8090000008,1035101.8090000008,0,0.0
2024-09-06,1035101.8090000008,1035101.8090000008,0,0.0
2024-09-09,1035101.8090000008,1035101.8090000008,0,0.0
2024-09-10,1035101.8090000008,1035101.8090000008,0,0.0
2024-09-11,1035101.8090000008,1035101.8090000008,0,0.0
2024-09-12,1035101.8090000008,1035101.8090000008,0,0.0
2024-09-13,1035101.8090000008,1035101.8090000008,0,0.0
2024-09-16,1035101.8090000008,1035101.8090000008,0,0.0
2024-09-17,1035101.8090000008,1035101.8090000008,0,0.0
2024-09-18,1035101.8090000008,1035101.8090000008,0,0.0
2024-09-19,1035101.8090000008,1035101.8090000008,0,0.0
2024-09-20,1035101.8090000008,1035101.8090000008,0,0.0
2024-09-23,1035101.8090000008,1035101.8090000008,0,0.0
2024-09-24,1035101.8090000008,1035101.8090000008,0,0.0
2024-09-25,1035101.8090000008,1035101.8090000008,0,0.0
2024-09-26,1035101.8090000008,1035101.8090000008,0,0.0
2024-09-27,1035101.8090000008,1035101.8090000008,0,0.0
2024-09-30,1035101.8090000008,1035101.8090000008,0,0.0
2024-10-01,1035101.8090000008,1035101.8090000008,0,0.0
2024-10-02,1035101.8090000008,1035101.8090000008,0,0.0
2024-10-03,1035101.8090000008,1035101.8090000008,0,0.0
2024-10-04,1035101.8090000008,1035101.8090000008,0,0.0
2024-10-07,1035101.8090000008,1035101.8090000008,0,0.0
2024-10-08,1035101.8090000008,1035101.8090000008,0,0.0
2024-10-09,1035101.8090000008,1035101.8090000008,0,0.0
2024-10-10,1035101.8090000008,1035101.8090000008,0,0.0
2024-10-11,1035101.8090000008,1035101.8090000008,0,0.0
2024-10-14,1035101.8090000008,1035101.8090000008,0,0.0
2024-10-15,1035101.8090000008,1035101.8090000008,0,0.0
2024-10-16,1035101.8090000008,1035101.8090000008,0,0.0
2024-10-17,1035101.8090000008,1035101.8090000008,0,0.0
2024-10-18,1035101.8090000008,1035101.8090000008,0,0.0
2024-10-21,1035101.8090000008,1035101.8090000008,0,0.0
2024-10-22,1035101.8090000008,1035101.8090000008,0,0.0
2024-10-23,1035101.8090000008,1035101.8090000008,0,0.0
2024-10-24,1035101.8090000008,1035101.8090000008,0,0.0
2024-10-25,1035101.8090000008,1035101.8090000008,0,0.0
2024-10-28,1035101.8090000008,1035101.8090000008,0,0.0
2024-10-29,1035101.8090000008,1035101.8090000008,0,0.0
2024-10-30,1035101.8090000008,1035101.8090000008,0,0.0
2024-10-31,1035101.8090000008,1035101.8090000008,0,0.0
2024-11-01,1035101.8090000008,957516.9490000008,1,77584.85999999999
2024-11-04,1035222.0490000008,957516.9490000008,1,77705.09999999998
2024-11-05,1035387.3790000009,957516.9490000008,1,77870.43000000005
2024-11-06,1033012.6390000009,1033012.6390000009,0,0.0
2024-11-07,1033012.6390000009,1033012.6390000009,0,0.0
2024-11-08,1033012.6390000009,1033012.6390000009,0,0.0
2024-11-11,1033012.6390000009,1033012.6390000009,0,0.0
2024-11-12,1033012.6390000009,1033012.6390000009,0,0.0
2024-11-13,1033012.6390000009,1033012.6390000009,0,0.0
2024-11-14,1033012.6390000009,1033012.6390000009,0,0.0
2024-11-15,1033012.6390000009,1033012.6390000009,0,0.0
2024-11-18,1033012.6390000009,1033012.6390000009,0,0.0
2024-11-19,1033012.6390000009,1033012.6390000009,0,0.0
2024-11-20,1033012.6390000009,1033012.6390000009,0,0.0
2024-11-21,1033012.6390000009,1033012.6390000009,0,0.0
2024-11-22,1033012.6390000009,1033012.6390000009,0,0.0
2024-11-25,1033012.6390000009,1033012.6390000009,0,0.0
2024-11-26,1033012.6390000009,1033012.6390000009,0,0.0
2024-11-27,1033012.6390000009,1033012.6390000009,0,0.0
2024-11-28,1033012.6390000009,1033012.6390000009,0,0.0
2024-11-29,1033012.6390000009,1033012.6390000009,0,0.0
2024-12-02,1033012.6390000009,1033012.6390000009,0,0.0
2024-12-03,1033012.6390000009,1033012.6390000009,0,0.0
2024-12-04,1033012.6390000009,1033012.6390000009,0,0.0
2024-12-05,1033012.6390000009,1033012.6390000009,0,0.0
2024-12-06,1033012.6390000009,1033012.6390000009,0,0.0
2024-12-09,1033012.6390000009,1033012.6390000009,0,0.0
2024-12-10,1033012.6390000009,1033012.6390000009,0,0.0
2024-12-11,1033012.6390000009,1033012.6390000009,0,0.0
2024-12-12,1033012.6390000009,1033012.6390000009,0,0.0
2024-12-13,1033012.6390000009,1033012.6390000009,0,0.0
2024-12-16,1033012.6390000009,1033012.6390000009,0,0.0
2024-12-17,1033012.6390000009,1033012.6390000009,0,0.0
2024-12-18,1033012.6390000009,1033012.6390000009,0,0.0
2024-12-19,1033012.6390000009,1033012.6390000009,0,0.0
2024-12-20,1033012.6390000009,1033012.6390000009,0,0.0
2024-12-23,1033012.6390000009,1033012.6390000009,0,0.0
2024-12-24,1033012.6390000009,1033012.6390000009,0,0.0
2024-12-25,1033012.6390000009,1033012.6390000009,0,0.0
2024-12-26,1033012.6390000009,1033012.6390000009,0,0.0
2024-12-27,1033012.6390000009,1033012.6390000009,0,0.0
2024-12-30,1033012.6390000009,1033012.6390000009,0,0.0
2024-12-31,1033012.6390000009,1033012.6390000009,0,0.0
2025-01-02,1033012.6390000009,800586.944000001,3,232425.69499999995
2025-01-03,1031870.9330000009,800586.944000001,3,231283.98899999994
2025-01-06,1032005.166000001,800586.944000001,3,231418.22200000007
2025-01-07,1032632.5540000009,800586.944000001,3,232045.61
2025-01-08,1031570.3360000009,800586.944000001,3,230983.392
2025-01-09,1031249.5090000009,800586.944000001,3,230662.56499999994
2025-01-10,1028570.078000001,800586.944000001,3,227983.13400000008
2025-01-13,1027924.448000001,877754.864000001,2,150169.58400000003
2025-01-14,1030336.685000001,877754.864000001,2,152581.821
2025-01-15,1030363.115000001,877754.864000001,2,152608.25100000005
2025-01-16,1031337.977000001,954455.708000001,1,76882.26899999997
2025-01-17,1031337.977000001,954455.708000001,1,76882.26899999997
2025-01-20,1031397.254000001,954455.708000001,1,76941.54599999997
2025-01-21,1031219.423000001,1031219.423000001,0,0.0
2025-01-22,1031219.423000001,1031219.423000001,0,0.0
2025-01-23,1031219.423000001,1031219.423000001,0,0.0
2025-01-24,1031219.423000001,1031219.423000001,0,0.0
2025-01-27,1031219.423000001,1031219.423000001,0,0.0
2025-01-28,1031219.423000001,1031219.423000001,0,0.0
2025-01-29,1031219.423000001,1031219.423000001,0,0.0
2025-01-30,1031219.423000001,1031219.423000001,0,0.0
2025-01-31,1031219.423000001,1031219.423000001,0,0.0
2025-02-03,1031219.423000001,1031219.423000001,0,0.0
2025-02-04,1031219.423000001,1031219.423000001,0,0.0
2025-02-05,1031219.423000001,1031219.423000001,0,0.0
2025-02-06,1031219.423000001,1031219.423000001,0,0.0
2025-02-07,1031219.423000001,1031219.423000001,0,0.0
2025-02-10,1031219.423000001,1031219.423000001,0,0.0
2025-02-11,1031219.423000001,1031219.423000001,0,0.0
2025-02-12,1031219.423000001,1031219.423000001,0,0.0
2025-02-13,1031219.423000001,1031219.423000001,0,0.0
2025-02-14,1031219.423000001,1031219.423000001,0,0.0
2025-02-17,1031219.423000001,1031219.423000001,0,0.0
2025-02-18,1031219.423000001,1031219.423000001,0,0.0
2025-02-19,1031219.423000001,1031219.423000001,0,0.0
2025-02-20,1031219.423000001,1031219.423000001,0,0.0
2025-02-21,1031219.423000001,1031219.423000001,0,0.0
2025-02-24,1031219.423000001,1031219.423000001,0,0.0
2025-02-25,1031219.423000001,1031219.423000001,0,0.0
2025-02-26,1031219.423000001,1031219.423000001,0,0.0
2025-02-27,1031219.423000001,1031219.423000001,0,0.0
2025-02-28,1031219.423000001,1031219.423000001,0,0.0
2025-03-03,1031219.423000001,953878.229000001,1,77341.19400000002
2025-03-04,1032158.205000001,953878.229000001,1,78279.97600000002
2025-03-05,1034685.695000001,953878.229000001,1,80807.46600000001
2025-03-06,1039668.4610000009,953878.229000001,1,85790.23199999996
2025-03-07,1038874.107000001,953878.229000001,1,84995.87800000003
2025-03-10,1036996.543000001,953878.229000001,1,83118.31400000001
2025-03-11,1036563.259000001,953878.229000001,1,82685.03000000003
2025-03-12,1035624.477000001,953878.229000001,1,81746.24800000002
2025-03-13,1033819.127000001,953878.229000001,1,79940.89800000004
2025-03-14,1036779.901000001,953878.229000001,1,82901.67200000002
2025-03-17,1036924.329000001,953878.229000001,1,83046.09999999998
2025-03-18,1039018.535000001,953878.229000001,1,85140.30599999998
2025-03-19,1038801.893000001,953878.229000001,1,84923.66399999999
2025-03-20,1035841.119000001,953878.229000001,1,81962.89000000001
2025-03-21,1033530.271000001,953878.229000001,1,79652.04200000002
2025-03-24,1033819.127000001,953878.229000001,1,79940.89800000004
2025-03-25,1031652.707000001,1031652.707000001,0,0.0
2025-03-26,1031652.707000001,1031652.707000001,0,0.0
2025-03-27,1031652.707000001,1031652.707000001,0,0.0
2025-03-28,1031652.707000001,1031652.707000001,0,0.0
2025-03-31,1031652.707000001,1031652.707000001,0,0.0
2025-04-01,1031652.707000001,954283.667000001,1,77369.04000000004
2025-04-02,1031356.6520000009,954283.667000001,1,77072.98499999999
2025-04-03,1032069.3770000009,954283.667000001,1,77785.70999999996
2025-04-04,954283.667000001,954283.667000001,1,0.0
2025-04-07,1029689.972000001,954283.667000001,1,75406.30500000005
2025-04-08,1030216.292000001,954283.667000001,1,75932.625
2025-04-09,1031170.2470000009,954283.667000001,1,76886.57999999996
2025-04-10,1032836.927000001,954283.667000001,1,78553.26000000001
2025-04-11,1034032.1120000009,954283.667000001,1,79748.44499999995
2025-04-14,1034624.222000001,954283.667000001,1,80340.55500000005
2025-04-15,1034602.292000001,954283.667000001,1,80318.625
2025-04-16,1036554.062000001,954283.667000001,1,82270.39500000002
2025-04-17,1037233.8920000009,954283.667000001,1,82950.22499999998
2025-04-18,1037431.2620000009,954283.667000001,1,83147.59499999997
2025-04-21,1038977.327000001,954283.667000001,1,84693.66000000003
2025-04-22,1041806.297000001,954283.667000001,1,87522.63
2025-04-23,1036521.167000001,954283.667000001,1,82237.5
2025-04-24,1037420.297000001,954283.667000001,1,83136.63
2025-04-25,1036850.1170000009,954283.667000001,1,82566.44999999995
2025-04-28,1036137.3920000009,1036137.3920000009,0,0.0
2025-04-29,1036137.3920000009,1036137.3920000009,0,0.0
2025-04-30,1036137.3920000009,1036137.3920000009,0,0.0
2025-05-01,1036137.3920000009,1036137.3920000009,0,0.0
2025-05-02,1036137.3920000009,1036137.3920000009,0,0.0
2025-05-05,1036137.3920000009,1036137.3920000009,0,0.0
2025-05-06,1036137.3920000009,1036137.3920000009,0,0.0
2025-05-07,1036137.3920000009,1036137.3920000009,0,0.0
2025-05-08,1036137.3920000009,1036137.3920000009,0,0.0
2025-05-09,1036137.3920000009,1036137.3920000009,0,0.0
