date,ticker,close,ma,ma_slope,adx,volume,vol_ma20
2019-01-02,510300,3.017,3.017,0.0,,3509348.63,3509348.63
2019-01-02,159915,1.178,1.178,0.0,,6001622.59,6001622.59
2019-01-02,510500,4.409,4.409,0.0,,1669234.53,1669234.53
2019-01-02,518880,2.837,2.837,0.0,,2714671.05,2714671.05
2019-01-02,IVV,251.72,251.72,0.0,,5979977.0,5979977.0
2019-01-02,QQQ,154.88,154.88,0.0,,58576672.0,58576672.0
2019-01-02,EWY,58.07,58.07,0.0,,4477965.0,4477965.0
2019-01-02,BBJP,21.19,21.19,0.0,,876727.0,876727.0
2019-01-02,VNM,14.9,14.9,0.0,,267903.0,267903.0
2019-01-02,IAU,12.3,12.3,0.0,,25552872.0,25552872.0
2019-01-02,MUFG,4.96,4.96,0.0,,1244951.0,1244951.0
2019-01-02,FLIN,21.94,21.94,0.0,,8577.0,8577.0
2019-02-01,159915,1.221,1.2023478260869565,-0.0013722374693052397,32.03707937009467,10385764.2,6190149.509000001
2019-02-01,510500,4.618,4.582,-0.0017670838275519504,56.7949455884202,3716726.37,2089820.7224999997
2019-02-01,518880,2.852,2.8212608695652173,0.0015915674366673888,40.439433806616215,1278353.5,2861875.4115
2019-02-01,IVV,271.7,262.12227272727273,0.007278370200736925,59.34441869393211,3901763.0,4941767.9
2019-02-01,QQQ,167.45,161.48272727272726,0.006805553934814951,49.30825864516101,32143672.0,41619957.0
2019-02-01,EWY,64.04,60.86636363636364,0.015474779989579426,51.441367254991164,2015514.0,3479170.35
2019-02-01,BBJP,22.43,22.051363636363636,0.0042680610217044005,54.26023420952092,879805.0,1156755.95
2019-02-01,MUFG,5.25,5.232272727272727,0.005296523097155969,72.0225824501515,1591828.0,1767683.45
2019-02-01,FLIN,21.56,21.687272727272727,-0.003369187782455195,33.77123305779793,5196.0,8803.55
2019-03-01,159915,1.5,1.271421052631579,0.025464859754175985,52.8900384928488,9410949.41,9136617.788999999
2019-03-01,510500,5.432,4.775526315789474,0.020530548892338147,57.96712167544857,3314269.3,3035175.1
2019-03-01,518880,2.826,2.8354999999999997,0.0005185890101899425,31.16730450356588,2991462.0,3135298.0515
2019-03-01,IVV,282.31,269.2439024390244,0.006190133840423856,42.439475807054265,4203984.0,4297834.2
2019-03-01,QQQ,174.39,166.13121951219512,0.00634931279356427,34.50654433876433,31431157.0,28369756.95
2019-03-01,EWY,63.05,62.23024390243903,0.0037675773284427945,31.220502237697573,4578383.0,3082344.05
2019-03-01,BBJP,22.64,22.25780487804878,0.003093320826925242,25.43949168696839,1496778.0,533737.0
2019-03-01,VNM,16.74,15.80829268292683,0.009720266465643307,37.02876124990112,384287.0,332018.25
2019-03-01,IAU,12.36,12.5,0.0012014417300761368,27.76493012831303,29775536.0,14490978.4
2019-03-01,MUFG,5.21,5.246341463414634,-0.00037952427793569107,24.343643407181638,578307.0,962709.25
2019-03-01,FLIN,21.65,21.614634146341462,0.00020158780967469896,16.739877230257093,549.0,1610.65
2019-04-01,159915,1.694,1.3931016949152542,0.013915917857318378,36.0861910061638,10597457.19,13186849.776
2019-04-01,510500,6.177,5.1503389830508475,0.013476805935229676,48.286354226968946,3073622.19,3665291.2589999996
2019-04-01,518880,2.788,2.827237288135593,-0.00013220452206075836,19.575827795543677,5977778.0,6409128.8165
2019-04-01,IVV,287.85,273.6677419354839,0.0032995936599601976,23.939430591678814,4170711.0,3888998.7
2019-04-01,QQQ,182.04,169.88016129032258,0.004935774024518105,33.90733398749199,30969473.0,37172383.15
2019-04-01,EWY,62.15,62.00677419354839,-0.0013742660076971197,15.080182309889501,2523679.0,3480821.2
2019-04-01,BBJP,23.02,22.36258064516129,0.0017423841991383129,14.099033824777926,255667.0,1210707.7
2019-04-01,VNM,17.01,16.118709677419353,0.0027464683360471803,16.11168717553294,496383.0,393969.5
2019-04-01,IAU,12.32,12.485645161290323,-0.00030653997254052667,15.396544529541892,16138094.0,12885747.65
2019-04-01,MUFG,5.08,5.1974193548387095,-0.002817653822725468,19.716927819757693,1254053.0,1251647.5
2019-04-01,FLIN,23.55,22.06096774193548,0.004910903830582313,30.42781597836396,2084.0,2345.7
2019-05-01,IVV,293.8,278.3107228915663,0.003860686738212846,34.97903886985844,2952102.0,3267740.85
2019-05-01,QQQ,188.93,174.2030120481928,0.005893069614526769,45.44041288549836,34797110.0,26567007.6
2019-05-01,EWY,61.0,62.20746987951807,-0.0008437218194976829,15.066995793879766,6090324.0,3712472.6
2019-05-01,BBJP,22.94,22.500240963855422,0.0013115587091622279,14.189875875952657,400385.0,718623.7
2019-05-01,VNM,16.5,16.30578313253012,0.0014338908036420374,12.646757957574078,315761.0,307837.65
2019-05-01,IAU,12.21,12.441084337349396,-0.000952736646399381,22.874547090926914,32654055.0,13702972.85
2019-05-01,MUFG,4.94,5.153493975903615,-0.002772258998035138,17.44942715536031,430168.0,876749.25
2019-05-01,FLIN,23.39,22.41734939759036,0.002789058268412434,18.33640045485725,1503.0,3514.3
2019-06-03,510300,3.64,3.6093200000000003,0.0005176418408675633,24.423000853724893,3308130.6,3739316.594499999
2019-06-03,159915,1.411,1.4477799999999998,-0.0008492183413728407,24.43699012037113,5187125.94,7184745.886
2019-06-03,510500,5.22,5.36937,-0.0009300480839853713,26.958187857409126,1933544.81,2746214.4620000003
2019-06-03,518880,2.914,2.82139,0.0009225684784434768,25.14001424515513,2734334.2,2902844.9335
2019-06-03,IVV,276.38,280.024,-0.0001160480117405855,25.12646122138362,5589734.0,4093693.05
2019-06-03,QQQ,170.12,175.74800000000002,-0.0002491583794009509,31.24639148306968,75842313.0,43405139.55
2019-06-03,EWY,56.62,61.107142857142854,-0.004459972774220481,32.36754905618502,4486199.0,4743010.75
2019-06-03,BBJP,21.98,22.46047619047619,-0.0009707107157101029,19.29141073789447,186233.0,699255.3
2019-06-03,VNM,16.07,16.314761904761905,-0.0003332125364943184,18.38075680770682,429834.0,466662.0
2019-06-03,IAU,12.68,12.413428571428572,-4.6030978848862356e-05,16.233723785660498,19878825.0,13532548.7
2019-06-03,MUFG,4.59,5.055333333333333,-0.00448330412293328,27.748603181006928,1961578.0,2399663.8
2019-06-03,FLIN,24.06,22.528476190476187,0.002450727992924329,17.698572018622734,2565.0,2619.9
2019-07-01,510300,3.954,3.630705882352941,0.00279704851951392,22.492224632046977,5102660.04,3847434.6289999997
2019-07-01,159915,1.511,1.4443697478991597,0.000639011506956428,17.967328040367473,10139691.73,7229860.910499999
2019-07-01,510500,5.479,5.350504201680673,0.00019099895152452335,15.680759254572056,3853533.74,2968839.786
2019-07-01,518880,3.034,2.853747899159664,0.0038517167240138543,47.27172499391257,4880799.43,3867430.3140000002
2019-07-01,IVV,297.32,281.86791999999997,0.0017918797286428365,19.70953950034395,3934539.0,3753506.45
2019-07-01,QQQ,189.26,177.07456,0.0022568262967488043,19.85774738541453,31193395.0,32204083.15
2019-07-01,EWY,59.64,60.64472,-0.0006363087063992942,22.42608507877387,2855746.0,3661905.1
2019-07-01,BBJP,23.15,22.48536,0.0005759653501143587,15.767798609145999,3197377.0,572303.25
2019-07-01,VNM,16.27,16.30608,-0.00031185179886970534,11.565419001073625,566378.0,408702.3
2019-07-01,IAU,13.25,12.51624,0.0031717873363612,46.23013476933022,24122184.0,20009202.3
2019-07-01,MUFG,4.79,4.995439999999999,-0.0022589504169371216,15.944145364016064,1236179.0,1226758.6
2019-07-01,FLIN,23.44,22.65344,0.0011574539548553056,9.830827375406983,5713.0,3868.45
2019-08-01,510300,3.86,3.7673916666666667,0.007957317209119841,20.175000763970925,3124656.62,2621151.165
2019-08-01,159915,1.516,1.4970166666666667,0.008929975512771538,16.16243039636253,4069485.71,4405467.7955
2019-08-01,510500,5.261,5.479683333333333,0.0056079339955191826,9.832134405507487,1812652.11,1947169.8555
2019-08-01,518880,3.112,2.8979014084507044,0.003060863812235314,25.197568780627563,2081586.15,2084834.7935000001
2019-08-01,QQQ,190.15,179.376462585034,0.002679077882284497,23.40348404870383,63251649.0,24630587.3
2019-08-01,EWY,54.69,60.13210884353742,-0.0024161094905375785,19.32693085430135,7058563.0,3483236.65
2019-08-01,BBJP,22.71,22.555714285714288,0.00039399327578860537,10.305771895374184,463486.0,406890.3
2019-08-01,VNM,15.96,16.304489795918368,-0.00014788907297157055,10.520596322624552,673421.0,332078.2
2019-08-01,MUFG,4.92,4.972040816326531,-0.0007221163439191228,18.818082501151945,2182477.0,1019693.1
2019-08-01,FLIN,21.58,22.669319727891157,-0.0009827412364357647,22.41194225381838,4588.0,3803.1
2019-09-02,510300,3.904,3.8101249999999998,0.0011912295722741172,16.166959353656203,3019441.94,2666228.027
2019-09-02,159915,1.592,1.5122916666666666,-0.001551522087182386,17.73924711186006,4827258.72,4660206.16
2019-09-02,510500,5.408,5.4707083333333335,-0.00316595046843926,15.15717948706542,2217971.86,2185117.252
2019-09-02,518880,3.496,2.967036585365854,0.005927380699713073,39.04640350053649,2828987.77,3238393.803
2019-10-01,IVV,294.91,287.0613756613757,0.0010025912648776276,16.70997952548363,4896121.0,3882511.7
2019-10-01,QQQ,187.27,181.295873015873,0.0010830759211350302,14.548146392508402,32665024.0,28066265.75
2019-10-01,EWY,56.04,58.82767195767196,-0.0012289019247195957,22.794882282567325,4374574.0,3170399.05
2019-10-01,BBJP,23.66,22.637301587301586,0.0014000663703509426,28.758165789010178,1478373.0,384164.7
2019-10-01,VNM,16.17,16.184232804232806,-1.0464994530924743e-05,16.89364391238653,222597.0,192538.55
2019-10-01,IAU,14.17,13.058412698412699,0.002535992234198563,15.694831763784734,27085036.0,25142860.3
2019-10-01,MUFG,5.05,4.965079365079365,0.0009582592030274014,25.773115632820385,677056.0,964722.5
2019-10-01,FLIN,21.64,22.366031746031748,-0.00044451754117102034,15.558324167867264,2761.0,6690.7
2019-11-01,510300,4.026,3.8335083333333335,0.0022833587160900337,14.1326610566012,3206513.63,2544645.1149999998
2019-11-01,159915,1.625,1.5134,0.004085830075911397,15.472866738092415,3038282.74,3475254.1234999998
2019-11-01,510500,5.366,5.3246416666666665,-0.0003848542638253569,13.796308041300918,2011202.29,1768057.2100000002
2019-11-01,518880,3.387,3.0517849999999997,0.0033388545746752076,14.283668166728805,2762599.5,2526189.707
2019-11-01,IVV,307.95,290.23040000000003,0.0038078099619392337,15.962266725847261,2413078.0,3202195.2
2019-11-01,QQQ,198.87,183.86100000000002,0.004870474561792614,16.82731446828011,22131875.0,22658724.4
2019-11-01,EWY,60.09,58.69495,-0.00033466974142715123,26.330719263647932,3486866.0,2976693.65
2019-11-01,BBJP,24.83,22.848450000000003,0.002760521470844419,30.1838165819359,958730.0,570986.95
2019-11-01,VNM,16.62,16.24805,0.001522496894907604,8.318510517272461,322374.0,166180.4
2019-11-01,IAU,14.46,13.2448,0.003751335702863906,11.572119914615367,17686227.0,16211644.0
2019-11-01,MUFG,5.29,4.96795,-0.00010063500689362094,13.570651012596453,715148.0,819026.4
2019-11-01,FLIN,23.15,22.375550000000004,0.0012551739568186107,25.59010390946515,572.0,2988.4
2019-12-02,510300,3.895,3.891458333333333,0.0033173553115284325,13.94825769293076,1743557.01,2545263.606
2019-12-02,159915,1.606,1.5492750000000002,0.0056472421011636255,13.032513176834037,2158416.18,2923229.798
2019-12-02,510500,5.307,5.331950000000001,0.0010686050714153379,9.433423317643493,1727023.54,1912136.6369999996
2019-12-02,518880,3.269,3.10086,0.0034609802389191763,32.34514427323481,1922692.02,2818801.614
2019-12-02,IVV,313.41,294.3635,0.003367697711635769,28.94395246219845,3537355.0,2868501.2
2019-12-02,QQQ,203.0,187.36230000000003,0.004544144631992979,28.194078825064064,28121020.0,17917429.55
2019-12-02,EWY,58.1,58.3917,-0.0017113509927888138,17.27242233041356,3093255.0,3197678.05
2019-12-02,BBJP,24.87,23.11935,0.0029542866438913794,25.68312452126714,714115.0,637232.95
2019-12-02,VNM,15.79,16.30625,-0.0001502265661887932,18.14939835551807,133946.0,170233.85
2019-12-02,IAU,13.98,13.397950000000002,0.0025891711284971846,19.601541508074515,25982610.0,14846945.9
2019-12-02,MUFG,5.31,4.973,0.0003419628668556697,12.976723633555727,4352695.0,1501434.95
2019-12-02,FLIN,22.84,22.491500000000002,0.0016455462255981297,19.550518526432604,377.0,2607.6
2020-01-02,510300,4.149,3.925391666666667,0.002033648804167763,21.95555755981102,6276236.14,3370788.4265
2020-01-02,159915,1.765,1.5941750000000001,0.006725501649800318,15.237820638696258,3380825.32,3049113.3675
2020-01-02,510500,5.813,5.37685,0.0026370381881045068,26.969418833342534,2355809.46,2106927.6925
2020-01-02,518880,3.37,3.1535900000000003,0.004553570148711787,21.271740016293244,3818438.14,3282115.949
2020-01-02,IVV,326.32,298.3886,0.0033501203629009977,32.35997714759223,4072016.0,4010464.65
2020-01-02,QQQ,216.16,190.9556,0.004704002466569495,24.519833465300604,31014903.0,20133337.55
2020-01-02,EWY,62.17,58.1487,0.0001728626309692377,23.045442875708684,3203138.0,3215285.95
2020-01-02,BBJP,24.79,23.3848,0.0022586908165145004,23.935064739715358,8517852.0,929098.1
2020-01-02,VNM,16.26,16.2114,-0.001631984431484283,13.50735189195776,615410.0,192527.25
2020-01-02,IAU,14.61,13.572849999999999,0.003723423923091005,29.053161342864072,37082961.0,14730354.9
2020-01-02,MUFG,5.45,4.9989,0.001452425550669614,9.712802184835267,596594.0,870448.7
2020-01-02,FLIN,23.3,22.56995,-0.00019491148139372358,15.258442447990864,7228.0,5496.9
2020-02-03,510300,3.659,3.9578583333333333,0.001085517718178501,26.45571566641715,14710757.72,5420975.3735
2020-02-03,510500,5.339,5.464558333333334,0.004272869423254516,34.719570616733414,6585798.76,2451186.324
2020-02-03,518880,3.52,3.202715,0.005008229374395019,22.13555667446076,3510865.37,4036404.2445
2020-02-03,IVV,325.56,302.6921,0.0029245273797755917,28.97908138950072,3122015.0,4623223.15
2020-02-03,QQQ,222.38,194.90634999999997,0.004559800414025715,31.60512833469431,25468309.0,27704334.95
2020-02-03,EWY,58.58,58.0727,-0.0019274776853424862,24.61723300625265,3314642.0,3778116.3
2020-02-03,VNM,14.96,16.106499999999997,-0.0025730660977643996,21.863352552696256,343519.0,250606.15
2020-02-03,IAU,15.06,13.8374,0.005033374249170323,36.38779585920435,22014848.0,19505038.85
2020-02-03,MUFG,5.17,5.0209,0.0007673832232088396,24.389235264972672,1073478.0,870642.85
2020-02-03,FLIN,22.45,22.54445,-0.0006759841664560349,15.787017820268009,3391.0,4358.2
2020-03-02,510300,4.076,3.9922,0.0020016439834596744,16.51161938945802,4266837.08,4888601.764
2020-03-02,510500,6.122,5.601991666666666,0.006624589145197226,23.72552308204117,3818569.87,3098478.8485
2020-03-02,IVV,310.4,306.12,0.00160619522159379,32.62403211955524,11780848.0,6870300.55
2020-03-02,EWY,56.21,57.9784,-0.000588665728364016,23.17413781638852,9138688.0,5146966.6
2020-03-02,BBJP,22.15,23.655950000000004,2.5364241070443138e-05,37.51287094869623,4351813.0,3481140.25
2020-03-02,VNM,13.87,15.939199999999998,-0.0037626410990414375,35.7420908600125,581088.0,345331.7
2020-03-02,MUFG,4.85,5.04075,0.0009233335318996487,35.091962725629024,1600020.0,1086480.8
2020-03-02,FLIN,21.1,22.513700000000004,-0.0005194136397132837,20.565621960852415,11471.0,17097.0
2020-04-01,510300,3.673,3.96615,-0.0025066333566671033,30.50827894938113,3554388.84,6440460.0545
2020-04-01,159915,1.792,1.781675,0.005185756330572009,30.484177283069535,3974344.54,6354011.954
2020-04-01,510500,5.428,5.647625,0.00039264948357733796,35.5544397920698,1807071.48,2532997.388
2020-04-01,518880,3.528,3.3517349999999997,0.004826667186307655,20.832941945191276,4194710.01,5492967.5595
2020-04-01,IVV,246.8,303.60635,-0.0027866210003291776,38.183828249210585,13680801.0,14442485.05
2020-04-01,QQQ,182.31,199.68305,0.0006617355964139114,30.806780176167106,53715375.0,96375873.05
2020-04-01,EWY,43.69,57.025499999999994,-0.004876542078825725,26.976011973249914,4235844.0,7936348.7
2020-04-01,BBJP,19.5,23.406800000000004,-0.002159228731170433,33.87507101843548,4106352.0,2401339.55
2020-04-01,VNM,10.33,15.39955,-0.009143173343885574,53.26882587916285,250521.0,470728.7
2020-04-01,MUFG,3.6,4.963550000000001,-0.004073156294832261,50.6672764175049,2502208.0,3244193.95
2020-04-01,FLIN,14.81,21.831950000000003,-0.008551219899864812,37.17575694871294,5579.0,7457.45
2020-05-01,IVV,283.53,301.57055,-0.0010459235811627755,18.151054550965437,6341406.0,7604928.25
2020-05-01,QQQ,212.74,201.50315000000003,0.0027933454379962014,21.79547339933588,48794969.0,51546400.1
2020-05-01,EWY,49.84,56.074799999999996,-0.002700676636434914,13.350302920846122,3966104.0,4065516.75
2020-05-01,BBJP,21.03,23.185750000000002,-0.0016083124130713145,19.292966894146474,387567.0,899234.7
2020-05-01,VNM,11.92,14.943999999999999,-0.006732999674316908,17.440234287018242,96699.0,217449.55
2020-05-01,MUFG,3.88,4.8647,-0.004298258182041449,18.91489454906608,1315190.0,2099008.65
2020-05-01,FLIN,17.3,21.15915,-0.006419091043560184,15.071966589021752,2220.0,5865.65
2020-06-01,510300,3.968,3.927583333333333,-0.0005068402223311828,14.03469981539257,3509289.02,3533869.6265000002
2020-06-01,159915,2.082,1.8978749999999998,0.009199314039588768,11.595500483724134,4017528.17,3295102.4465
2020-06-01,510500,6.061,5.793141666666667,0.004322543828600721,13.743213477230878,1849664.12,1858611.045
2020-06-01,518880,3.895,3.4813600000000005,0.005243705243705358,19.881141767661962,4790721.09,4197767.522
2020-06-01,IVV,306.68,301.3061,0.001033239411538522,12.709558657951698,6495262.0,5696853.55
2020-06-01,QQQ,234.06,205.12294999999997,0.005551484015186871,19.973114796977008,26140125.0,41232992.25
2020-06-01,EWY,54.94,55.764799999999994,0.0006729197359283767,15.381466629517027,4367727.0,4443508.75
2020-06-01,BBJP,23.27,23.110349999999997,0.0006841440946023502,19.748701894844697,239475.0,420244.9
2020-06-01,VNM,14.05,14.664850000000001,-0.0028659821853538768,26.15943394322136,280858.0,295224.6
2020-06-01,MUFG,4.12,4.7768,-0.003234355111324477,13.364669165895506,2760434.0,2272285.4
2020-06-01,FLIN,18.64,20.725849999999994,-0.0041059424447299625,16.318956360410613,5268.0,3861.2
2020-07-01,159915,2.342,1.9817416666666667,0.01317762743059703,39.10439274809608,4312635.76,3062438.838
2020-07-01,518880,3.939,3.5265199999999997,0.0028807953611515646,19.85740715584202,5016933.3,4999740.752
2020-07-01,IVV,311.81,303.08709999999996,0.00044231268800338304,11.478795914038962,4022801.0,5248758.65
2020-07-01,QQQ,250.49,211.05934999999997,0.00635734092164507,15.95990526058603,34689215.0,43333070.75
2020-07-01,EWY,57.46,56.17385,6.854192629517374e-05,17.129365760593835,3681692.0,4575797.35
2020-07-01,BBJP,22.87,23.183399999999995,-0.0004290022786705438,13.777635065608958,332998.0,4685910.2
2020-07-01,VNM,13.76,14.4615,-0.003812810630405525,14.0106914043525,292531.0,313228.15
2020-07-01,IAU,16.92,15.189100000000002,0.004364184591783596,12.561921804942942,29124200.0,23124335.7
2020-07-01,MUFG,3.87,4.6926,-0.006867652194156835,12.476068568984168,2437076.0,2282059.85
2020-07-01,FLIN,19.75,20.507400000000004,-0.0022040899735799894,19.31742244601126,301.0,5102.1
2020-08-03,159915,2.774,2.131625,0.016378395775470494,45.12502394644688,4057963.92,5951687.1985
2020-08-03,510500,7.398,6.152116666666667,0.011135094860599054,37.42075186745235,2364609.59,2759532.2335
2020-08-03,518880,4.2,3.592835,0.005499295446499521,38.41044112128567,5343770.3,6585079.465
2020-08-03,IVV,330.11,305.80005,0.0023082913629096234,16.872395471709826,2835276.0,3377959.75
2020-08-03,QQQ,269.38,218.89385,0.008185461594032354,24.48786696028329,32081567.0,42802550.35
2020-08-03,EWY,60.97,56.49255,0.0013391353669993048,18.8365492879135,3314117.0,3690716.65
2020-08-03,BBJP,23.08,23.1294,-0.0007884169667330517,11.531244672751285,582996.0,404207.05
2020-08-03,VNM,14.17,14.2501,-0.0039701123234244205,17.18567297918517,407108.0,279014.3
2020-08-03,IAU,18.85,15.56385,0.007336332157535388,42.58957099763685,22859114.0,28145208.05
2020-08-03,MUFG,3.8,4.5612,-0.006415213531852734,10.423241145760063,1356894.0,1307350.15
2020-08-03,FLIN,21.08,20.4172,-0.00055314878723345,33.283884578865305,7607.0,5292.7
2020-09-01,159915,2.658,2.2272416666666666,0.010163277647592424,23.51839690411739,2594639.68,4004840.1355000003
2020-09-01,510500,7.378,6.36645,0.007447984112373856,18.28188617657536,1467228.14,1720636.738
2020-09-01,518880,4.169,3.67603,0.005184478284528166,19.81724921673205,5049005.95,4785047.585
2020-09-01,QQQ,299.92,227.5155,0.010292962778680428,42.27376908461784,36395774.0,34050608.5
2020-09-01,EWY,63.98,56.98315,0.0016408916888439372,18.574235325640284,3612091.0,3613831.05
2020-09-01,BBJP,24.33,23.061799999999998,-0.0008145368837899522,17.967482713381447,480607.0,409626.95
2020-09-01,VNM,14.85,14.06075,-0.0031230503091146536,17.109432722528453,247486.0,200944.0
2020-09-01,IAU,18.8,16.04455,0.007367898940177813,23.726527573278887,22689508.0,31158977.45
2020-09-01,MUFG,4.19,4.43625,-0.006805995544759541,16.8710883326791,729757.0,1229183.4
2020-09-01,FLIN,22.27,20.3407,-0.00019169705966210046,27.831069658241656,11331.0,6577.3
2020-10-01,IVV,338.24,311.7739,0.0013511985744807207,19.239993736698704,3381645.0,4104696.45
2020-10-01,QQQ,282.25,235.0112,0.007566031551605575,20.34388318466445,50020223.0,64218413.75
2020-10-01,EWY,66.01,57.5483,0.002049430094757834,12.723977306635428,3088307.0,4370106.45
2020-10-01,BBJP,24.67,23.00105,-0.0006864536198480116,12.744044656257204,1404844.0,839607.4
2020-10-01,VNM,14.95,13.93385,-0.0022198591463569142,14.840187276255335,159705.0,199565.4
2020-10-01,IAU,18.14,16.49455,0.005961529078844735,19.24965575529274,24103571.0,22761163.1
2020-10-01,MUFG,4.03,4.30935,-0.007576717139731639,14.237948812922793,817852.0,949497.35
2020-10-01,FLIN,22.5,20.27795,-0.0008598007430255224,15.430292339060378,9959.0,7815.05
2020-11-02,510300,4.785,4.51475,0.008644138164717324,14.153802330168888,2001660.29,3756486.255
2020-11-02,159915,2.617,2.4339749999999998,0.01058761249338259,14.784787827129874,2891309.1,2570891.8305
2020-11-02,510500,6.764,6.783391666666668,0.00669184611351051,22.152779303200067,1423140.0,1771752.0625
2020-11-02,518880,3.93,3.81019,0.003793676678636001,23.168772410841907,2477959.93,3169019.4070000006
2020-11-02,IVV,331.36,313.59950000000003,5.628514532987199e-05,20.688632284463875,4658488.0,3678630.15
2020-11-02,QQQ,269.98,242.35075,0.005459585088958172,19.297811770836887,39987411.0,41172072.0
2020-11-02,EWY,66.02,58.066,0.00096793906552081,10.974520907786339,3519781.0,3928797.5
2020-11-02,BBJP,24.58,22.985149999999997,-0.0003153215845238511,11.163530906310902,645327.0,494145.6
2020-11-02,VNM,14.9,13.834150000000001,-0.0022106341238243335,13.106488162847631,104615.0,171316.15
2020-11-02,IAU,18.07,16.88265,0.004662497098956836,15.961162603004897,17660997.0,18945459.4
2020-11-02,MUFG,4.05,4.16005,-0.007988458465977323,11.848582373952528,982365.0,1005649.6
2020-11-02,FLIN,22.07,20.22305,-0.001818863864086257,13.276780683810715,1909.0,3346.35
2020-12-01,588000,1.409,1.4175833333333332,-0.01125116248173253,92.53299262455023,5867502.8,7598416.462499999
2020-12-01,159915,2.602,2.533333333333333,0.008081230124385302,13.368613149924542,4450098.2,3135289.357
2020-12-01,510500,7.089,6.971324999999999,0.006055146935025229,12.56401100516001,1643334.52,1624342.7215
2020-12-01,518880,3.653,3.8529499999999994,0.0013410295260395213,34.49993332957508,3356917.63,3638572.157
2020-12-01,IVV,367.32,316.09605,0.0020982188995358093,19.397247359458547,3716775.0,4037226.1
2020-12-01,QQQ,303.46,248.8343,0.006537140064930564,12.991764057743893,27642641.0,36973846.4
2020-12-01,EWY,77.91,59.31230000000001,0.006489065822273773,35.844074846030274,3618301.0,4351961.05
2020-12-01,BBJP,27.43,23.1971,0.003267514504866663,29.04032610993376,325666.0,620678.15
2020-12-01,VNM,16.15,13.865499999999999,0.0016579315227324305,21.55850714797838,203622.0,191289.65
2020-12-01,IAU,17.29,17.1582,0.0030046531203966258,23.679314876622197,32634879.0,22416030.0
2020-12-01,MUFG,4.38,4.0779,-0.00434602143711704,25.35383012696989,1764866.0,1464387.9
2020-12-01,FLIN,24.54,20.2694,0.001242328068463885,16.960602212663243,893.0,2827.6
2021-01-04,510300,5.334,4.868908333333334,0.00411773703196407,28.230718297957768,5067056.39,4172099.3915
2021-01-04,588000,1.464,1.4099142857142857,0.0002939238838493795,33.338367131106054,8810633.99,5588019.119000001
2021-01-04,159915,2.976,2.6144416666666666,0.004874908315209753,26.49628750825849,2472764.0,2619125.4935
2021-01-04,510500,7.163,7.084308333333333,-0.00015877645686208154,13.426353922884797,3035861.88,1861308.0169999998
2021-01-04,518880,3.902,3.8779450000000004,0.0013724523127693474,19.72813283139252,3550731.16,3516394.2275
2021-01-04,IVV,370.22,324.6689,0.009561120679763658,16.43297794742211,7103723.0,4467487.95
2021-01-04,QQQ,309.31,260.2125,0.012916202143760299,16.64777592391313,45305899.0,27074501.55
2021-01-04,EWY,88.32,62.59400000000001,0.017213850710371063,39.04581279022879,5059574.0,3667536.3
2021-01-04,BBJP,27.63,23.903,0.009833018240196,18.664259443475306,556776.0,491047.05
2021-01-04,VNM,17.55,14.292950000000001,0.012176899652999002,37.256074006031774,580500.0,262368.05
2021-01-04,IAU,18.55,17.430799999999998,0.005384298152265609,13.55118858211443,32149403.0,16670759.55
2021-01-04,MUFG,4.38,4.0722,0.005295315682280776,13.000817010277405,1539962.0,1412701.45
2021-01-04,FLIN,26.39,20.8602,0.011467389459699254,26.834751820699772,3211.0,4181.4
2021-02-01,510300,5.411,4.998774999999999,0.0052419456198416845,31.99507637212657,4362880.63,5310344.273500001
2021-02-01,588000,1.467,1.4369454545454545,0.0034255010652317996,34.605328678347796,6059940.79,7564751.6375
2021-02-01,159915,3.056,2.680675,0.0054950722517605995,36.38394927749338,2008111.05,2387495.4395000003
2021-02-01,510500,7.073,7.082708333333333,-0.001313682152370832,19.135896004916088,1044764.1,1517821.458
2021-02-01,518880,3.82,3.9084299999999996,0.0010911410107653946,19.845306161742116,3525016.0,3382259.904
2021-02-01,IVV,377.6,336.06335,0.007348360077737076,19.468609284247584,4393168.0,4881354.3
2021-02-01,QQQ,322.42,272.2128,0.010540946236886459,14.480462059150813,35646008.0,34560917.65
2021-02-01,EWY,91.68,67.0388,0.01608501679738012,34.387945864694366,4503582.0,4537535.6
2021-02-01,BBJP,28.02,24.68565,0.0074973624548250965,20.44117315666184,5184840.0,3259403.1
2021-02-01,IAU,17.71,17.63165,0.001732841320027383,15.62085247870474,30875809.0,24601715.75
2021-02-01,MUFG,4.62,4.1613,0.004890064114173912,20.851251524722166,1451424.0,1721043.25
2021-02-01,FLIN,26.84,21.930350000000004,0.011237328033606114,26.30987000026198,7563.0,8249.95
2021-03-01,510300,5.418,5.09585,0.0053365688131314926,23.010095130284036,5582085.4,5543042.318
2021-03-01,588000,1.4,1.4367714285714286,-0.0019328332801524374,20.80119537692584,7325784.13,6940935.2475
2021-03-01,159915,2.894,2.736675,0.005175844020691031,23.53637146734268,4940004.18,3354437.643
2021-03-01,510500,7.181,7.068533333333333,-0.000353555114528342,16.079757888636713,1822035.0,2150646.603
2021-03-01,518880,3.595,3.907495,-0.0005205229273084567,20.548301090013023,3588630.84,2985273.051
2021-03-01,IVV,391.03,345.9104500000001,0.007179907207728722,13.716580288332693,3903091.0,3473617.25
2021-03-01,QQQ,323.59,282.83905,0.008578868589940742,20.622399496253387,49164520.0,42237019.0
2021-03-01,EWY,90.32,70.96615000000001,0.01383835136969193,15.744201465724881,4045250.0,3377217.75
2021-03-01,BBJP,28.8,25.437600000000003,0.007240222136429999,17.591450165360424,1152547.0,1172342.3
2021-03-01,VNM,18.05,15.47315,0.007976834932608977,14.802880533064334,182994.0,351337.7
2021-03-01,IAU,16.42,17.712,0.0007005808040861419,25.261046558513968,33388680.0,22539734.35
2021-03-01,MUFG,5.31,4.2817,0.008692989068978552,36.82531973303747,1122598.0,1379553.35
2021-03-01,FLIN,27.8,22.935850000000002,0.011245194173044913,22.06849929230718,6046.0,13357.2
2021-04-01,510300,5.112,5.16305,0.0032840084334890534,30.297220694024624,3229964.35,4797684.3149999995
2021-04-01,588000,1.303,1.402311827956989,-0.004513920603607182,28.952045989680176,4622743.5,5363475.908
2021-04-01,159915,2.718,2.7599250000000004,0.0030923463670232128,26.5615543390305,2742148.92,4149269.3710000003
2021-04-01,510500,6.991,7.040416666666667,0.00032323873370943067,18.351031530167596,1341360.08,2206157.3485
2021-04-01,518880,3.565,3.875505,-0.0019559115139966107,20.17534742118595,3982555.31,3694953.5909999995
2021-04-01,IVV,402.08,355.93545,0.006278080532677838,11.252023395581412,7300957.0,4524046.55
2021-04-01,QQQ,324.57,292.12015,0.00675853350799613,21.289389483063353,55685602.0,67714184.25
2021-04-01,EWY,90.69,74.79865,0.010800763249431569,9.90130731178192,3194792.0,4317938.6
2021-04-01,BBJP,28.71,26.11075,0.005319067016779066,12.105184224601178,645841.0,774964.9
2021-04-01,VNM,18.55,15.93655,0.006749969993114188,11.399601165694852,326056.0,206144.2
2021-04-01,IAU,16.46,17.7027,-0.0003021224810185179,26.199753100299116,20354106.0,23355195.0
2021-04-01,FLIN,28.12,24.08415,0.00986630382597059,10.411108145909555,3375.0,6166.45
2021-05-03,IVV,419.78,366.64300000000003,0.006837923460458177,29.27164301338841,4672067.0,4445300.95
2021-05-03,QQQ,336.19,301.10310000000004,0.0065293363844241455,18.319378044693273,29729731.0,35152227.95
2021-05-03,EWY,90.38,78.39365,0.01065137502908759,14.424647998093056,3172521.0,3832515.2
2021-05-03,BBJP,56.7,28.95605,0.029407529991450236,56.0549954251056,279836.0,630554.0
2021-05-03,VNM,18.61,16.4688,0.006961195234470475,18.652442078772864,254615.0,352279.4
2021-05-03,IAU,17.07,17.683400000000002,-0.00040982100714213946,14.737313676734733,21614840.0,20859987.55
2021-05-03,MUFG,5.41,4.6034500000000005,0.007970133893870317,16.62067227020279,1443951.0,1227044.45
2021-05-03,FLIN,27.72,24.862350000000003,0.007178404830434601,13.359341414015415,7764.0,9455.2
2021-06-01,510300,5.346,5.232575,0.002393001388866527,21.22969024727457,4544228.25,4840010.3505
2021-06-01,159915,3.188,2.8550416666666667,0.008869440771747557,35.878566623148856,1707586.28,2264016.875
2021-06-01,518880,3.853,3.82738,-0.0023875679648850414,25.115162772262035,2488645.0,3330648.5785
2021-06-01,513180,1.03,1.0051666666666665,0.0021601861083416253,88.17726495290141,8867797.0,4783877.166666667
2021-06-01,IVV,421.32,375.4558,0.005627893696769789,14.593079060961418,3739579.0,4749700.3
2021-06-01,QQQ,332.82,307.37205,0.005157377517189126,14.575001777413993,31145426.0,48341327.75
2021-06-01,EWY,93.46,81.29814999999999,0.008106576526082435,12.114011686319397,2966280.0,3598282.85
2021-06-01,BBJP,56.72,32.240750000000006,0.026249279827859136,38.78510243168711,363306.0,591075.35
2021-06-01,VNM,19.7,16.94415,0.00724336149040274,16.660064509627933,310468.0,248756.4
2021-06-01,IAU,36.2,18.13975,0.024621763062836626,52.39751547033624,14342211.0,18919504.9
2021-06-01,MUFG,5.78,4.7799000000000005,0.009216152019002461,20.322317752000412,3528819.0,2156509.9
2021-06-01,FLIN,29.82,25.5821,0.0076056559927528125,18.89949830181703,8463.0,7983.95
2021-07-01,510300,5.254,5.257983333333334,0.0010661826535890574,21.91722052824684,5643738.63,4399304.5195
2021-07-01,159915,3.34,2.94405,0.008207528323963289,41.00082655702833,2835939.81,2037391.6825000003
2021-07-01,518880,3.629,3.778155,-0.003279177224623566,28.697851899790663,2284666.71,3542151.356
2021-07-01,513180,1.016,1.0051851851851852,0.004500298617945627,32.43646728128913,618889.0,2264556.95
2021-07-01,IVV,432.35,384.392,0.00597223390806748,14.201132994583421,3655423.0,4033313.4
2021-07-01,QQQ,354.57,314.07985,0.006283991496819258,22.131078024899537,29289977.0,34516373.0
2021-07-01,EWY,92.6,84.41775,0.008419246962387439,7.837983980935133,2732624.0,2790808.95
2021-07-01,BBJP,56.5,35.8723,0.02312508021619156,19.241591452187798,287988.0,655143.45
2021-07-01,VNM,20.87,17.541600000000003,0.008146621953637636,26.95926279311122,172485.0,214094.3
2021-07-01,IAU,33.81,19.921000000000003,0.019391517266612233,49.238547434738734,19208766.0,11843084.95
2021-07-01,MUFG,5.45,4.94045,0.0066629310783964495,20.721634313566923,1103186.0,1778876.9
2021-07-01,FLIN,29.57,26.4415,0.007059298488163849,16.630471537495247,4493.0,5358.0
2021-08-02,510300,4.993,5.183066666666666,-0.004445013565534899,21.14806619513233,3752039.41,4584317.8325000005
2021-08-02,588000,1.657,1.4331833333333333,0.004133727244065077,19.442444851638022,6058864.05,6536416.154999999
2021-08-02,159915,3.393,2.9960999999999998,0.00210716435881983,20.48220096157642,2784736.0,2258108.529
2021-08-02,510500,7.704,7.278266666666667,0.002491905039019974,18.543388737963653,2908945.4,1783964.0585
2021-08-02,518880,3.68,3.7401349999999995,-0.0017295612172588493,12.430335202760034,3820180.0,4162125.1875
2021-08-02,513180,0.853,0.9663469387755101,-0.015370277513779758,43.94771317458854,2968324.0,3628436.403
2021-08-02,IVV,439.51,394.83055,0.0058195712554525245,15.500879590910525,3485705.0,4726534.0
2021-08-02,QQQ,364.6,322.99605,0.005880893837316075,20.209357148176053,27334098.0,38930137.0
2021-08-02,EWY,88.73,86.99585,0.006294266046821542,15.530769220877367,4575727.0,3482019.7
2021-08-02,BBJP,56.69,39.21979999999999,0.02061140712115565,13.670690773666108,481688.0,515847.6
2021-08-02,VNM,19.51,18.0287,0.005894644047748608,23.1931406814049,267491.0,288747.9
2021-08-02,IAU,34.53,21.6311,0.019233940696134873,35.1857591209577,9210254.0,9843297.7
2021-08-02,MUFG,5.37,5.06895,0.006373030763274625,14.54040875498972,850624.0,1532224.15
2021-08-02,FLIN,30.16,27.20705,0.006337916162703269,9.407527182898898,1180.0,2699.4
2021-09-01,510300,4.949,5.0957083333333335,-0.0018249992246200508,22.994560093509353,3865182.69,2592981.1475
2021-09-01,588000,1.48,1.4684083333333333,0.00569598940705768,15.835302456857699,6440938.07,4517905.7435
2021-09-01,159915,3.094,3.0491916666666667,0.00659411398986554,22.333671156371686,2095449.01,1988679.5595
2021-09-01,510500,8.073,7.420725000000001,0.006477492099516825,17.780468216450657,1039705.37,1215617.7914999998
2021-09-01,518880,3.69,3.7056,-0.0019042899045700618,10.697126284284822,3986216.36,4939793.436
2021-09-01,513180,0.839,0.9195633802816902,-0.008994103742667604,33.12745768821211,5204849.0,4567067.5225
2021-09-01,IVV,453.91,406.07480000000004,0.005936284188566662,15.502894114120382,3788429.0,3658825.05
2021-09-01,QQQ,380.58,332.5368,0.00678406538618912,15.934455018179886,28138313.0,30966604.05
2021-09-01,EWY,87.68,89.01615,0.003902102342220056,20.666233561464395,3355027.0,3229788.05
2021-09-01,BBJP,58.16,42.70985,0.01837783834178623,10.750233681767302,260347.0,277146.25
2021-09-01,VNM,19.92,18.52245,0.005619212821577797,15.448656763399756,235984.0,217401.65
2021-09-01,IAU,34.55,23.38125,0.018065561136184155,19.14529537656049,6416270.0,8288576.4
2021-09-01,MUFG,5.54,5.219250000000001,0.005364641522517997,10.773644112867402,1415443.0,1482015.8
2021-10-01,EWY,80.49,89.48504999999999,-0.000353565312394372,21.732078748964113,3354444.0,3377247.85
2021-10-01,BBJP,58.56,46.19520000000001,0.017491886200870003,25.70096287255149,324131.0,367254.3
2021-10-01,VNM,19.14,18.882450000000002,0.003182353081808921,12.849838641760497,153061.0,227514.7
2021-10-01,IAU,33.49,25.081850000000003,0.015862568954484048,13.43135613709,8569844.0,8676257.0
2021-10-01,MUFG,5.86,5.3715,0.00824010811622491,35.406236945967215,1995073.0,2003014.1
2021-10-01,FLIN,33.08,29.031600000000005,0.006763985289502576,32.49888070579881,3932.0,11331.7
2021-11-01,510300,4.965,5.0712,-0.0011358488336210442,8.833554921902644,1950023.45,2892543.8704999997
2021-11-01,588000,1.459,1.5049666666666668,0.002052977927713126,19.651212924867444,5418228.18,4953853.3385
2021-11-01,159915,3.224,3.175475,0.0037932969282199027,11.981679151695996,1219757.51,1316009.8625
2021-11-01,510500,7.925,7.75915,0.003907387161257438,21.083535806959272,1004767.79,1898948.427
2021-11-01,518880,3.594,3.6732400000000003,-0.0015832827090578032,10.619810421489113,2381863.0,2379893.926
2021-11-01,513180,0.782,0.8813738317757009,-0.0046156222956752115,13.891626026707183,3797290.0,3697296.2965
2021-11-01,EWY,79.84,88.65655000000001,-0.003857869503224012,14.492192780226517,3339266.0,3818379.5
2021-11-01,BBJP,58.0,49.260650000000005,0.01478379992995913,22.757531814376563,758357.0,1845418.25
2021-11-01,VNM,20.37,19.09875,0.0021224348446606633,20.601340512717382,177956.0,179182.1
2021-11-01,IAU,34.1,26.75415,0.015700097947654982,15.238301479682312,10076036.0,9588897.85
2021-11-01,MUFG,5.64,5.501849999999999,0.003547716328615037,16.198833946818137,1064933.0,1479300.05
2021-11-01,FLIN,33.08,29.7722,0.0047686705432506155,16.390111608711806,11873.0,12798.05
2021-12-01,510300,4.924,5.025883333333334,-0.003084440271615735,14.40836793940359,2116261.58,2805952.9875
2021-12-01,588000,1.511,1.5250416666666666,0.0012309880730932371,22.295001016794565,3064611.38,3725542.3965000003
2021-12-01,159915,3.365,3.2308166666666667,0.002886839014749808,20.635441256769937,785130.12,1074301.7645
2021-12-01,510500,8.185,7.887316666666667,0.003611601235112467,13.876533549031272,768421.16,1381596.762
2021-12-01,518880,3.591,3.6555,-0.0012131346415515613,18.15101939688311,4057050.9,3144334.7594999997
2021-12-01,513180,0.751,0.8651240310077519,-0.004811215420512821,17.814292877944347,3890650.0,4384282.75
2021-12-01,EWY,77.33,87.1656,-0.0047538334097379,17.398096017096385,7110227.0,4261464.35
2021-12-01,BBJP,54.96,52.288199999999996,0.012726825498585151,22.32047120820168,277722.0,321409.95
2021-12-01,VNM,20.8,19.39535,0.0036143954878270893,25.39437748023609,195625.0,211476.65
2021-12-01,IAU,33.84,28.5523,0.014765334427983228,18.215371722720057,12853903.0,11109203.0
2021-12-01,MUFG,5.33,5.578499999999999,0.0009240402989223098,15.150851754156092,2164573.0,1580369.25
2021-12-01,FLIN,31.86,30.36045,0.003009645070013094,19.27833304082997,11716.0,17355.9
2022-01-03,QQQ,401.68,361.9363000000001,0.005787771164130769,17.62134412907273,40575856.0,50350560.65
2022-01-03,EWY,77.86,86.03725,-0.0030879307098474113,10.928917925753439,6967918.0,4003335.0
2022-01-03,BBJP,55.1,55.2996,0.011930064696285974,22.12872570622873,550376.0,577568.7
2022-01-03,VNM,21.27,19.7209,0.004180499826873358,17.026550567310398,360572.0,216708.7
2022-01-03,IAU,34.26,30.48025,0.014908848747190636,8.847604091996232,13323168.0,12243977.45
2022-01-03,MUFG,5.55,5.58555,-0.001296309540838217,8.150744243752817,1648292.0,1735150.75
2022-01-03,FLIN,32.35,30.743599999999997,0.0031143804764723493,16.577055740452707,16657.0,7190.4
2022-02-01,QQQ,365.52,366.0341,0.0009082532920593199,32.499975215286234,74433000.0,94109186.1
2022-02-01,EWY,72.98,84.47845000000001,-0.00648419730494468,21.2180450367754,3689254.0,4797320.5
2022-02-01,BBJP,52.78,56.9524,-0.0024731318396457357,28.935222438104162,447296.0,557313.15
2022-02-01,VNM,19.83,19.9121,0.0004697843262864553,26.980884081329307,123882.0,313846.3
2022-02-01,IAU,34.27,32.280049999999996,0.013733110362641208,12.32433230719319,18987610.0,12973911.05
2022-02-01,MUFG,6.21,5.63385,0.0030087503004298938,19.337405652795574,1770762.0,2156781.9
2022-02-01,FLIN,32.03,31.203049999999998,0.003402230100732219,19.956819997333024,7196.0,16023.5
2022-03-01,510300,4.609,4.900625,-0.0028182054034255333,48.08548624849463,3261629.03,4655737.7435
2022-03-01,588000,1.29,1.4124416666666666,-0.009241614739820306,31.06520705349775,3656788.21,5996235.512
2022-03-01,159915,2.795,3.11575,-0.0056751696700211105,43.15225789187728,2971589.89,3477694.382
2022-03-01,510500,7.715,8.015266666666667,-0.0012751022781548795,35.83033452150667,1997727.0,2127767.2095
2022-03-01,518880,3.786,3.66518,0.0010966454666753135,22.811841792120955,2321149.64,1998446.6155
2022-03-01,513180,0.633,0.8111818181818182,-0.006025106651242796,20.984386429405596,7759882.43,9433343.4075
2022-03-01,513770,0.918,0.92825,-0.025970619097586505,96.28043296890266,846982.0,1320197.155
2022-03-01,IVV,431.92,447.0259,0.0010236945599080903,32.433186820263614,14288676.0,8963693.7
2022-03-01,QQQ,341.49,367.6897,0.001229174625849151,36.19171946769937,67407000.0,79529630.1
2022-03-01,EWY,71.49,82.6689,-0.0056759136308527835,14.742977105877367,3960503.0,5091393.1
2022-03-01,BBJP,51.09,56.58990000000001,-0.0018044810397196177,25.002844150788587,651760.0,500470.9
2022-03-01,VNM,19.43,19.9743,0.0008292517944156396,20.94691645695796,142458.0,206626.3
2022-03-01,MUFG,5.87,5.72265,0.002636835097063332,24.589718087980856,6193067.0,2911890.75
2022-03-01,FLIN,29.88,31.540499999999998,0.0017754711827368814,19.1850781795596,37296.0,13719.5
2022-04-01,510300,4.269,4.766908333333333,-0.006423183210097805,55.665547785108586,3752472.41,5409801.539
2022-04-01,588000,1.135,1.3613250000000001,-0.008437077008054636,39.185745268038595,5505255.65,6626729.5605
2022-04-01,159915,2.58,3.014775,-0.007672052006473284,36.64456477493874,4210101.94,6043602.600500001
2022-04-01,510500,7.16,7.805733333333333,-0.0051004259206151575,50.500992916392605,1821421.57,2876925.6475
2022-04-01,518880,3.853,3.6765749999999997,0.0004585171256827167,15.370351899531288,1635855.0,2434091.043
2022-04-01,513180,0.546,0.7706050000000001,-0.014810979429550168,28.872190225372982,12318741.0,22273846.1345
2022-04-01,513770,0.798,0.8237096774193549,-0.0037006134674717125,47.60605914273266,1469439.0,1788167.05
2022-04-01,IVV,454.79,449.3578,0.001898635749223059,21.92828539725717,5257399.0,7084463.45
2022-04-01,QQQ,361.85,369.01665,0.0015364341293560447,24.681831767123718,54527762.0,72763929.7
2022-04-01,EWY,71.02,80.17209999999999,-0.006499654260526682,12.540874740523483,2389145.0,4603155.45
2022-04-01,BBJP,51.02,55.8214,-0.0029462538636650646,16.407600371115542,248578.0,668002.35
2022-04-01,VNM,19.19,19.90715,-0.0012868237277250984,18.473316475971195,135911.0,191063.45
2022-04-01,IAU,36.54,34.6154,0.0011308323909729407,23.829324357751997,9629910.0,19665594.55
2022-04-01,MUFG,6.31,5.7823,0.003340245182672445,18.495688592556885,2364308.0,3080147.65
2022-04-01,FLIN,31.74,31.632800000000003,0.0010807423734875985,14.594899500410826,16075.0,10331.7
2022-05-02,IVV,416.22,450.00365,-0.0009760384936349857,23.88954484784262,9393922.0,6250415.85
2022-05-02,QQQ,318.48,367.29675,-0.0028829236285174416,27.713252315919405,115511750.0,78147135.25
2022-05-02,EWY,66.86,77.81484999999999,-0.007970418172859485,18.734665665047913,3881313.0,2955086.25
2022-05-02,BBJP,46.68,54.93275,-0.004712566935753478,24.752319903515538,585458.0,514049.2
2022-05-02,VNM,17.1,19.6925,-0.003019924413291784,34.5349427388662,222408.0,220455.05
2022-05-02,IAU,35.37,34.87625,0.0009269901948544677,16.7019544000214,13409684.0,11822681.35
2022-05-02,MUFG,5.82,5.83595,0.001768043050990014,19.591524098058176,4865496.0,2647704.45
2022-05-02,FLIN,30.78,31.80125,0.0008686443011741862,9.870566027454526,11661.0,12146.7
2022-06-01,510300,4.083,4.469666666666667,-0.008430082082378032,22.178210463777848,3774345.08,4486236.941000001
2022-06-01,588000,1.078,1.2248333333333332,-0.015690817891416783,19.361595487449833,8756052.24,8751047.412999999
2022-06-01,159915,2.354,2.7126500000000004,-0.016333104679940483,21.696734149861943,4131102.72,5058074.206
2022-06-01,510500,6.8,7.367400000000001,-0.007896759713844714,24.299475602279134,1415657.29,1939796.857
2022-06-01,518880,3.852,3.717765,0.0012806321555827447,11.516872194394645,1189638.72,1734138.2574999998
2022-06-01,513180,0.566,0.688135,-0.01036183737452184,15.92484959327364,15977806.0,16085156.556499999
2022-06-01,513770,0.829,0.7944782608695653,0.0006417266039315772,16.241266856410352,2585272.0,2275535.1
2022-06-01,IVV,411.51,446.1497,-0.0020571750157806243,22.865367874888403,6646234.0,6910584.75
2022-06-01,QQQ,306.0,360.50505,-0.004479228425599746,26.675532235738572,65341653.0,91140356.55
2022-06-01,EWY,67.61,75.35155,-0.006671706808739651,13.00074424198166,3372175.0,3977631.55
2022-06-01,BBJP,47.52,53.88605,-0.004432254768738446,13.849948779113031,294306.0,763469.0
2022-06-01,VNM,16.06,19.3061,-0.005114568920426655,35.30820377674326,159853.0,301737.7
2022-06-01,IAU,35.09,34.98105,0.0011519484385019076,17.58222384240156,7931938.0,9458807.15
2022-06-01,MUFG,5.72,5.8756,0.0009966352911114555,15.06499890288962,2897099.0,3833484.55
2022-06-01,FLIN,28.87,31.6582,-0.0015863254332434524,26.68550233680127,9362.0,25468.3
2022-07-01,510300,4.493,4.344516666666666,-0.00490920265539766,42.693673366700054,4455712.44,5224086.221
2022-07-01,588000,1.142,1.169225,-0.009397195667829301,14.75885612724972,9006859.26,14266804.422999999
2022-07-01,159915,2.699,2.586116666666667,-0.007851913424342029,31.647066244464472,3733177.05,3738589.9979999997
2022-07-01,510500,7.333,7.183233333333333,-0.004938436923531749,21.634036930616936,1323418.76,1882557.6545000002
2022-07-01,518880,3.784,3.73982,0.0010077474769509599,11.40001271444152,2643394.88,2007853.9245000002
2022-07-01,513180,0.619,0.6660050000000001,-0.006185182421845787,24.654854695623488,6089606.69,23648994.695
2022-07-01,513770,0.925,0.819088888888889,0.008847092615133105,30.81291921252539,311873.0,2718519.65
2022-07-01,IVV,383.09,439.78855000000004,-0.003686094953814908,22.687454176888927,5267695.0,7026447.1
2022-07-01,QQQ,282.13,351.48165,-0.006550326647195155,18.808297718206493,56675106.0,64595363.1
2022-07-01,EWY,57.4,72.8779,-0.008756598392039341,30.5302166832701,4148160.0,3623907.4
2022-07-01,BBJP,44.26,52.48245000000001,-0.008068517190250802,20.96276779759078,420629.0,855278.75
2022-07-01,VNM,14.48,18.825699999999998,-0.006920962815650413,34.69742666007229,325185.0,225954.6
2022-07-01,IAU,34.3,35.044700000000006,0.00020834879300427132,9.405351271473162,12925168.0,7782179.5
2022-07-01,MUFG,5.43,5.870349999999999,-0.0016496458363450118,19.96230529516611,2853700.0,3840673.8
2022-07-01,FLIN,27.53,31.217950000000002,-0.004477276387309907,25.279706182060785,3400.0,6904.35
2022-08-01,510300,4.238,4.259666666666667,-0.003971176816745146,20.264591844624306,2983914.83,3584765.4565
2022-08-01,588000,1.154,1.1286500000000002,-0.006273249543263257,10.55269711106924,7943853.73,8275645.783499999
2022-08-01,159915,2.657,2.529325,-0.004042644650878819,17.38883680742895,2966449.73,3094156.7649999997
2022-08-01,510500,7.256,7.059183333333333,-0.0020251619599420106,12.942259795932426,793919.55,1339446.3484999998
2022-08-01,518880,3.743,3.74421,0.0009062184226987677,26.161537297493137,2033930.0,1813654.1084999996
2022-08-01,513180,0.557,0.64275,-0.007688388680468519,20.377326206308858,17877999.24,19031220.637
2022-08-01,513770,0.819,0.8302882882882884,0.0010527828039600963,18.582833943971384,2325690.0,1970202.1
2022-08-01,IVV,412.95,435.26599999999996,-0.0017979589496618475,18.874500994604546,3757498.0,4689552.0
2022-08-01,QQQ,315.27,344.8357,-0.0037261062031276495,18.430665135926454,46358833.0,58385472.7
2022-08-01,EWY,59.86,70.65740000000001,-0.006298409751741093,18.042300374619415,3267099.0,3331324.05
2022-08-01,BBJP,47.51,51.085499999999996,-0.005101519160153151,20.30847608441254,645658.0,491929.05
2022-08-01,VNM,15.03,18.32215,-0.006617256373277128,21.322006995733993,503265.0,220149.05
2022-08-01,IAU,33.63,34.98745,-0.0002600256310978241,22.420638356547318,6249356.0,6508360.1
2022-08-01,MUFG,5.67,5.8145999999999995,-0.0012710408794228151,18.67182296407826,1990446.0,2753385.4
2022-08-01,FLIN,30.03,30.739300000000004,-0.0033088694236795215,17.32446208855319,11523.0,7188.75
2022-09-01,510300,4.107,4.191416666666667,-0.00229901473630757,24.909247228447736,3202516.0,2806595.476
2022-09-01,588000,1.076,1.1113,-0.004850529080787391,24.31274197745285,6822402.73,10003137.015999999
2022-09-01,159915,2.463,2.510366666666667,-0.0009551225077271011,22.83079474065901,2949739.0,2444796.4850000003
2022-09-01,510500,6.135,6.96305,-0.005979119477701358,28.569156707547993,980924.05,1255091.7735
2022-09-01,518880,3.73,3.76354,0.0009534688580047588,13.614419015795647,1623157.08,1563546.719
2022-09-01,513180,0.553,0.6147300000000001,-0.00887566809354516,23.389291439377008,14821664.89,15956875.624000002
2022-09-01,513770,0.803,0.8266492537313432,-0.0007051274789081307,24.155688077067296,2356402.0,2052930.4
2022-09-01,IVV,398.54,430.22645000000006,-0.0038313781465107574,24.090228916054762,4934113.0,4102325.85
2022-09-01,QQQ,299.4,337.21784999999994,-0.006674692577377867,23.94324269264635,57990747.0,47017681.3
2022-09-01,EWY,56.68,68.31525,-0.007846862017658735,18.854796582251904,3068198.0,2710012.9
2022-09-01,BBJP,44.2,49.7653,-0.006560672496379085,14.917519645510374,355870.0,472875.25
2022-09-01,VNM,15.24,17.782349999999997,-0.007504130201822011,19.356383260426895,101822.0,199371.5
2022-09-01,IAU,32.16,34.8804,-0.0018928907145338604,20.00482236687964,5388453.0,3650988.0
2022-09-01,MUFG,5.09,5.77125,-0.0020145601687733654,20.560203470577047,2323420.0,2487261.75
2022-09-01,FLIN,30.28,30.368650000000002,-0.0030726554998400353,17.61399287615565,7910.0,5382.85
2022-10-03,IVV,368.14,421.71029999999996,-0.006066452627743606,31.01122228307554,5613442.0,5541456.1
2022-10-03,QQQ,273.53,325.9277,-0.009153229379773227,31.97406214626553,61267450.0,65479931.55
2022-10-03,EWY,48.42,65.5772,-0.011554215732454002,42.6902850662291,3848484.0,3258723.0
2022-10-03,BBJP,41.64,48.2612,-0.008060082193723575,33.10795321826598,438418.0,572280.75
2022-10-03,VNM,12.86,17.11545,-0.010793425113569372,40.87088962623945,287861.0,334629.85
2022-10-03,IAU,32.28,34.6395,-0.0016514491249912935,23.924010465191483,8446434.0,7126524.85
2022-10-03,MUFG,4.56,5.70445,-0.004172231096214333,33.64004826178312,6397031.0,3473081.55
2022-10-03,FLIN,28.71,30.1148,-0.002558620564022628,22.190424971150456,8565.0,13639.6
2022-11-01,510300,3.703,4.122233333333333,-0.0029106330828522074,47.07649371229785,10691572.04,5770597.9975000005
2022-11-01,588000,1.071,1.094475,0.003192813877282853,28.79840720456265,20380640.56,12919753.571
2022-11-01,159915,2.275,2.4755333333333334,0.0008085599547207331,27.566717758068336,7625569.02,5647024.7175
2022-11-01,510500,5.959,6.703341666666666,-0.002095299532310429,30.178876765223066,3657774.99,2257523.092
2022-11-01,518880,3.81,3.791625,0.0012437564613939764,11.048823787464576,3612840.0,2786064.1305
2022-11-01,513180,0.433,0.5649200000000001,-0.01210992489223471,50.65343568000989,125189228.31,55124049.266499996
2022-11-01,513770,0.656,0.7980409356725147,-0.006794106194754611,45.40799920182581,5144082.0,3693799.75
2022-11-01,IVV,386.25,411.4759,-0.005025940964477755,20.936241916048413,7292192.0,5094723.65
2022-11-01,QQQ,275.11,313.64425,-0.00831352980457423,24.471830127860034,45895899.0,63757314.6
2022-11-01,EWY,52.71,62.663549999999994,-0.010312477790149663,24.519932091657754,3480622.0,3961863.15
2022-11-01,BBJP,42.08,46.7834,-0.007124499406822195,25.128490000179355,722475.0,624851.7
2022-11-01,VNM,11.54,16.17715,-0.014201533192770267,50.03247249523954,348026.0,431608.15
2022-11-01,IAU,31.29,34.345800000000004,-0.002355716024387885,13.265640306661407,5668512.0,6277152.35
2022-11-01,MUFG,4.72,5.58535,-0.0062980918916513305,20.20350656087633,2226539.0,3233408.25
2022-11-01,FLIN,29.78,29.7914,-0.0031920446484735047,14.38003144177221,32932.0,11839.3
2022-12-01,510300,3.956,4.087758333333333,-0.0027547033255673143,17.21253584401032,6354125.83,6827296.2075000005
2022-12-01,588000,1.054,1.095175,-0.0035257722578589247,20.640763038680255,22340441.93,19227412.994500004
2022-12-01,159915,2.311,2.4749333333333334,-0.002920815679744124,13.676026321230236,6205197.05,5812880.448999999
2022-12-01,510500,6.19,6.6101833333333335,-0.005028655433619572,15.025631296715794,2186418.16,2885279.232
2022-12-01,518880,3.956,3.82244,0.0021458974295110486,32.40948216521134,2810141.0,3438058.4924999997
2022-12-01,513180,0.522,0.5415449999999999,-0.0080866730163383,22.755494535608776,70432659.86,75086421.3575
2022-12-01,513770,0.812,0.791279792746114,-0.0010636585239665339,22.359286134534436,4098574.0,4168137.75
2022-12-01,IVV,409.15,405.82895,-0.0027629702519956652,21.123219659781117,5897930.0,4125137.8
2022-12-01,QQQ,293.72,305.64835,-0.005507885943681911,21.337686413402324,51547333.0,56078162.1
2022-12-01,EWY,60.31,61.01465,-0.005865613897594518,27.271343407591964,4235770.0,3854724.85
2022-12-01,BBJP,46.89,45.92240000000001,-0.003625554627409512,34.485431483334736,305332.0,550275.05
2022-12-01,VNM,12.39,15.31115,-0.012202989619555732,34.41550202785682,1223645.0,942534.85
2022-12-01,IAU,34.23,34.1588,-0.0012441029374571043,28.224805361391734,6689145.0,4947870.15
2022-12-01,MUFG,5.48,5.463050000000001,-0.005035787786620924,38.044485099322245,4700688.0,2627487.85
2022-12-01,FLIN,31.11,29.65735,-0.00046509825200561017,13.967774853036866,4391.0,15363.75
2023-01-03,510300,3.949,4.012125,-0.005630125923982986,15.464581943867161,6563107.82,6621528.9035
2023-01-03,588000,1.023,1.0726416666666665,-0.005508769218883061,22.553219592455317,17785093.19,17092167.324500002
2023-01-03,159915,2.289,2.4116666666666666,-0.00791542256152542,10.404287622965104,4154350.34,4326993.615999999
2023-01-03,510500,5.97,6.392116666666667,-0.009397789834063147,21.932244540693663,2447004.88,2713655.9724999997
2023-01-03,518880,3.987,3.8385599999999998,0.0001146394589018108,21.187845649365702,1553974.0,1767556.9895
2023-01-03,513180,0.554,0.532555,0.000103286384976577,28.788981465761147,44460341.32,45463689.197500005
2023-01-03,513770,0.886,0.7939050000000001,0.0026964901423394533,29.5683671870855,2692850.0,2959782.7775000003
2023-01-03,IVV,382.53,401.46394999999995,-0.0029310003549042015,15.408209414797247,6454734.0,4988011.75
2023-01-03,QQQ,264.48,299.17900000000003,-0.00556087378511694,15.743041281649187,42335325.0,49712126.05
2023-01-03,EWY,55.43,59.6209,-0.004993316099272299,12.255652677752437,5379777.0,3557155.6
2023-01-03,BBJP,45.13,45.392799999999994,-0.002418529828351435,15.821236370544755,457688.0,540595.5
2023-01-03,VNM,12.31,14.588600000000001,-0.011083167820174693,18.776976181179986,1271778.0,838069.85
2023-01-03,IAU,34.88,33.87295,-0.0018020221547056742,26.231237798846948,9173246.0,4257803.15
2023-01-03,MUFG,6.81,5.440549999999999,0.0019152325442204827,50.840048146267314,5633664.0,4550391.3
2023-01-03,FLIN,29.27,29.614549999999998,-0.0010035656095776758,14.889749591443728,24767.0,12398.5
2023-02-01,510300,4.19,3.9861,-0.0008772809304190487,30.209580057793374,7156519.62,7314503.488500001
2023-02-01,588000,1.071,1.0609666666666666,-0.0030538894022207027,22.46326747460959,18451332.0,16768435.976
2023-02-01,159915,2.537,2.3808833333333337,-0.0019945716910542257,34.49035305894792,4638570.96,4016715.8200000003
2023-02-01,510500,6.375,6.251066666666667,-0.0061633853573226545,31.645136650954242,4056548.76,2642552.5425
2023-02-01,518880,4.091,3.85315,0.0015322613135858583,29.147428057097997,1507587.0,1719005.429
2023-02-01,513770,0.939,0.80525,0.0033267711629994035,24.707177967819693,1792218.0,2285543.9775
2023-02-01,IVV,412.67,396.16345,-0.002247291469774654,18.731682283619058,5194567.0,4146406.25
2023-02-01,QQQ,300.92,291.80805,-0.004076076522935733,24.501364872404412,67562188.0,49357725.95
2023-02-01,EWY,65.11,58.809,-0.0018440993488369674,28.841642783311713,4154750.0,3191450.7
2023-02-01,BBJP,48.48,45.0551,0.00010543758261576787,31.16924960364627,369067.0,684824.8
2023-02-01,VNM,12.69,13.958599999999999,-0.010333691378900934,18.71399964097886,1574829.0,953222.7
2023-02-01,IAU,37.07,33.8042,-0.00049968806455141,41.25089661339791,9936336.0,5084893.85
2023-02-01,MUFG,7.4,5.5383000000000004,0.006625044303279701,48.92698853541345,9369594.0,6960373.85
2023-02-01,FLIN,28.18,29.395950000000003,-0.002487338496907663,14.745932797602123,26037.0,17915.85
2023-03-01,510300,4.12,3.969475,-0.0010024852406069174,15.183673779741568,11804809.52,6814191.1444999995
2023-03-01,588000,1.038,1.0412083333333333,-0.003302515176413296,16.747716119633274,17389960.35,16219928.727500001
2023-03-01,159915,2.372,2.349208333333334,-0.004214088407547571,27.29002894799965,6412398.39,4313058.7575
2023-03-01,510500,6.411,6.107150000000001,-0.004761232216675304,26.673301091554094,1840663.34,3227484.8370000003
2023-03-01,518880,4.029,3.864135,0.0006577592937633825,10.855629476264893,1975700.78,1620105.602
2023-03-01,513180,0.545,0.5401549999999999,0.0002870370370368615,15.453348997755443,63459237.58,48480133.2335
2023-03-01,513770,0.851,0.81604,0.001915332482074323,18.022090990795395,3553249.19,2702582.3595
2023-03-01,IVV,396.55,394.96139999999997,-9.430411977364644e-05,15.315572003253,6327359.0,4169170.5
2023-03-01,QQQ,291.2,290.09345,-0.0003924779989204305,22.022084923925433,58286973.0,57651931.85
2023-03-01,EWY,59.62,58.32150000000001,-0.00211736625303146,14.91485027159094,7552625.0,3948670.1
2023-03-01,BBJP,46.21,45.09015,0.00031391427810810126,17.598355835535322,283337.0,399113.95
2023-03-01,VNM,11.59,13.48755,-0.008308487524401553,33.05526712522441,1586069.0,1266079.4
2023-03-01,IAU,34.84,33.7153,-0.0004298869249150064,21.533287435500682,6702332.0,5714187.0
2023-03-01,MUFG,7.08,5.67005,0.006282555260752523,23.282112105368928,4323785.0,4464693.15
2023-03-01,FLIN,27.68,29.17695,-0.000953610365419168,25.637093918539076,5949.0,76241.55
2023-04-03,510300,4.08,3.96635,0.0013906976842042982,17.90722227181734,5513396.98,5393141.889
2023-04-03,588000,1.169,1.0452916666666667,0.0046212497397044895,30.774558925369636,35011436.48,22789665.016999997
2023-04-03,159915,2.366,2.335491666666667,0.0010894646977719661,27.87045529176844,11096152.98,10292370.0395
2023-04-03,510500,6.423,6.151925,0.003639433678560765,19.33182747177626,2803987.97,2443233.9905000003
2023-04-03,518880,4.221,3.8973400000000002,0.002394528848800074,32.9875927894897,1666835.0,2531659.0585000003
2023-04-03,513180,0.559,0.53849,-0.0016037674629882073,17.65831586857644,30122811.02,48309257.243
2023-04-03,513770,0.848,0.81781,-0.0006415465548949974,18.3637370960975,2997529.0,3001411.9469999997
2023-04-03,IVV,412.54,394.6628,0.0013792781473219936,12.820440272201012,4455344.0,5065902.9
2023-04-03,QQQ,320.15,290.88325000000003,0.002658283239183004,25.123978513161287,47126840.0,68160910.1
2023-04-03,EWY,60.86,57.619049999999994,-0.000636536685413047,12.351841604458649,3320752.0,4412390.5
2023-04-03,BBJP,48.62,45.12755,0.001628039117329745,18.008843079186434,373734.0,353970.1
2023-04-03,VNM,12.46,13.051699999999999,-0.005914230331280698,21.380028779358568,456847.0,861229.9
2023-04-03,IAU,37.65,33.88045,0.0018999769341321983,33.012218771693504,6364984.0,5732945.7
2023-04-03,MUFG,6.47,5.771600000000001,0.00395731320177099,21.591209579270817,3104474.0,7336146.35
2023-04-03,FLIN,27.78,29.061799999999998,-0.0004247759607762021,17.77672213901758,4636.0,10058.8
2023-05-01,IVV,417.36,397.60205,0.0018002580327853236,15.43384083001443,2813270.0,3521872.65
2023-05-01,QQQ,322.19,293.916,0.002455866119569574,20.603200577122,41013387.0,51728414.15
2023-05-01,EWY,60.27,57.95115,0.0013988201181264523,13.143680313771362,2247117.0,2775907.3
2023-05-01,BBJP,48.54,45.526399999999995,0.0024098932226843807,17.36031352160477,178679.0,276433.6
2023-05-01,VNM,12.05,12.827050000000002,-0.004555419746619188,16.44421947922219,613529.0,599238.5
2023-05-01,IAU,37.52,34.25805,0.003568054487531594,22.706054831314024,6086297.0,4905863.35
2023-05-01,MUFG,6.29,5.869249999999999,0.0042433419740093665,14.203314455282365,3892370.0,3450890.05
2023-05-01,FLIN,28.84,29.12085,0.000613338831048442,28.680462295699822,8868.0,11936.25
2023-06-01,510300,3.81,4.026516666666667,-0.0005584835723091646,29.992005953163638,6749756.97,5724271.8085
2023-06-01,588000,1.1,1.0689,0.0016789922922539598,20.188263001827572,28362247.89,23912817.708
2023-06-01,159915,2.148,2.320225,-0.0020609171260421427,43.652357211863446,8826449.49,7361286.815
2023-06-01,510500,6.102,6.219675,-0.00034154103314159516,44.93704762085534,2875100.43,1741179.458
2023-06-01,518880,4.362,4.011515,0.00366537273588176,12.727563627078062,1130594.0,1462935.634
2023-06-01,513180,0.491,0.523365,-0.0031142857142858154,18.951708551929336,42104980.95,28350937.390499998
2023-06-01,513770,0.732,0.797,-0.0028899926186334757,24.572545101621934,3391072.0,2605432.8835
2023-06-01,IVV,423.75,398.44835,-0.00018430610320434117,17.91285901239723,3786339.0,3329981.5
2023-06-01,QQQ,352.01,296.05825,0.0018198402174875014,33.79041346861228,50488602.0,52115602.1
2023-06-01,EWY,63.76,58.1286,0.0006627635345781655,14.55970710010975,3279360.0,3159201.1
2023-06-01,BBJP,50.13,45.909549999999996,0.0014003601237635957,21.02256926864797,309671.0,581363.55
2023-06-01,VNM,12.81,12.5341,-0.006113613296117574,20.87547820505064,1586541.0,622880.65
2023-06-01,IAU,37.49,34.75235,0.0022408301165260528,15.158982348470559,6649586.0,4480099.65
2023-06-01,MUFG,7.03,5.9952499999999995,0.0053746310705659744,15.45750467395111,5051246.0,4407642.55
2023-06-01,FLIN,29.57,29.07695,-0.0008882306857071614,32.561691123788925,7418.0,169375.05
2023-07-03,510300,3.927,4.011283333333333,-0.0003738053803054547,18.753226143316247,4739097.07,4580582.3995
2023-07-03,588000,1.055,1.0781999999999998,0.002393957001743167,15.45856566152681,26356505.54,24476700.617
2023-07-03,159915,2.171,2.2947083333333333,-0.0021488777277702447,26.891237521440026,5582985.27,8165700.6225
2023-07-03,510500,6.124,6.228650000000001,0.0013034770551870742,30.920665908531213,1662057.76,1875961.946
2023-07-03,518880,4.358,4.069319999999999,0.003491847424022605,6.20616471081059,1146066.0,1415050.5485
2023-07-03,513180,0.554,0.522,-0.0007274397947852827,19.288629535264683,39794730.64,32868557.122
2023-07-03,513770,0.782,0.79423,-0.001207258642588654,24.49198412129785,2505263.0,3073293.829
2023-07-03,IVV,446.35,401.3031,0.0024140932387777935,34.442366753943475,1928101.0,4288648.25
2023-07-03,QQQ,370.29,301.61830000000003,0.005396846825450449,36.887030048355,19432864.0,52666499.55
2023-07-03,EWY,64.79,58.94485,0.0036001661746129713,16.58382243728951,2258067.0,3148150.6
2023-07-03,BBJP,51.68,46.60655,0.004121490242969522,19.678878377858485,508915.0,898754.05
2023-07-03,VNM,13.29,12.3237,-0.00298932499504469,29.5454347800706,227810.0,568515.55
2023-07-03,IAU,36.41,35.16095,0.0027291977099835533,29.507374563984854,4865641.0,3920525.55
2023-07-03,MUFG,7.47,6.191599999999999,0.009250429920861829,28.20523936057158,1434337.0,2558813.4
2023-07-03,FLIN,31.02,29.059299999999997,-3.269070293624848e-05,43.41804189771281,39882.0,110966.25
2023-08-01,510300,4.066,3.983566666666667,-0.001211847691639009,19.87535560609183,11359815.81,6642988.411
2023-08-01,588000,1.014,1.0748916666666666,-0.0024052962922861327,31.35676568321549,19128701.74,22364660.4755
2023-08-01,159915,2.168,2.2455000000000003,-0.006485533830594413,15.134889451990825,4864459.86,5857082.052
2023-08-01,510500,6.201,6.219941666666667,-0.0013673795682451215,21.510990955479432,1705671.04,1574476.6635
2023-08-01,518880,4.426,4.137555000000001,0.004040374626447628,15.674187673071835,697485.99,1131417.4915
2023-08-01,513180,0.612,0.5270600000000001,0.005379215626430727,24.48652865247064,50679955.88,36016943.139
2023-08-01,IVV,458.9,409.2472,0.0058155831576780295,42.20307216202707,3756702.0,4420957.15
2023-08-01,QQQ,382.79,311.5656,0.009124091432979991,32.62131505426,41308458.0,49838141.25
2023-08-01,EWY,67.56,60.50805,0.007531335467461501,16.63202710576779,3499908.0,3328191.8
2023-08-01,BBJP,52.21,47.6148,0.00593124822405868,16.04889242390061,847712.0,1118372.65
2023-08-01,VNM,14.8,12.3955,0.004786628243943547,44.26639760985498,1939914.0,682308.55
2023-08-01,IAU,36.84,35.68245,0.003594466546569874,15.252335126637824,4269309.0,3730070.1
2023-08-01,MUFG,7.94,6.4864999999999995,0.013594812094694719,31.72887318931336,2957986.0,3276218.3
2023-08-01,FLIN,31.63,29.2773,0.002594040384842562,40.17681908695265,605733.0,175965.0
2023-09-01,510300,3.862,3.949925,-0.0022145363682866967,23.07105888224587,7926924.88,12212687.644
2023-09-01,588000,0.98,1.06045,-0.0028366349047141436,33.038602718859416,47058751.92,40566027.2895
2023-09-01,159915,2.049,2.1876583333333333,-0.0052745054203879585,21.858587046463892,3885205.05,7120655.0594999995
2023-09-01,510500,5.852,6.143916666666667,-0.0034198432008651003,26.0577773577851,2223553.02,3437946.4335000003
2023-09-01,518880,4.489,4.208875,0.0037525577490852644,17.33968745811544,1137975.0,1110919.0715
2023-09-01,513180,0.58,0.5434800000000001,0.00583907833248532,18.147918825588892,12890510.25,41999294.850999996
2023-09-01,513770,0.805,0.818005,0.003379331493407008,18.04402592163301,477975.78,3356640.0815
2023-09-01,IVV,453.65,416.9665,0.0036553319922907113,18.993741826146067,2853019.0,3459282.0
2023-09-01,QQQ,377.59,322.57145,0.007574028964538788,16.010226998155666,39801176.0,50952826.6
2023-09-01,EWY,63.21,61.67605,0.0019510705301436116,20.545664407326438,3185477.0,3398364.15
2023-09-01,BBJP,51.76,48.59785,0.0034917275378778152,14.37610197741901,3343910.0,848615.85
2023-09-01,VNM,15.13,12.7721,0.0077879653447378685,24.163556514555957,375151.0,627714.8
2023-09-01,IAU,36.76,36.2155,0.0024954775524666556,18.71768825391708,5390965.0,5497013.6
2023-09-01,MUFG,8.09,6.83255,0.01106877289038521,17.6323803772723,1603134.0,2139117.65
2023-09-01,FLIN,31.64,29.4711,0.0007538481912737505,16.568110923107184,70310.0,71725.95
2023-10-02,IVV,429.28,421.09055,0.0018359871321498187,24.4901726290627,4666856.0,4559926.0
2023-10-02,QQQ,361.26,330.65055,0.005567486269457208,19.169918398383604,51625055.0,48594683.25
2023-10-02,EWY,58.45,61.9809,0.0003696052164369399,16.163917175909376,4489731.0,3250473.5
2023-10-02,BBJP,49.81,49.168499999999995,0.002247328430997712,18.163495610155568,778972.0,1188435.35
2023-10-02,VNM,13.66,13.02625,0.001468423136505683,26.805478297827722,572425.0,738644.4
2023-10-02,IAU,34.64,36.467299999999994,0.0008892572780492205,19.586778035921917,9975910.0,5957191.75
2023-10-02,FLIN,31.61,29.632150000000003,0.0011808549457382994,13.49097675517548,28780.0,75353.4
2023-11-01,510300,3.642,3.858875,-0.003957797829664262,27.01177410935596,8119834.0,12132488.371000001
2023-11-01,588000,0.913,0.9998583333333334,-0.008388568406089368,20.34763492405987,21543718.47,28927720.2
2023-11-01,159915,1.908,2.077483333333333,-0.006745261782295327,27.510206087770978,4354752.45,7228054.301000001
2023-11-01,510500,5.615,5.959924999999999,-0.004389261969195974,31.34831536079652,1217108.94,2771713.5955000003
2023-11-01,518880,4.603,4.316735,0.0037121259681406936,25.19830379630244,1003797.83,1622923.5315
2023-11-01,513180,0.518,0.54623,-0.0013346497001609048,16.952081268911414,46841849.0,37150955.984500006
2023-11-01,513770,0.725,0.805565,-0.00471348439546321,18.26061785833252,2687168.92,2458555.5835
2023-11-01,IVV,424.53,425.3963,0.0011827662798052105,32.56915208008701,5645488.0,5524439.0
2023-11-01,QQQ,356.96,340.36224999999996,0.0052284172733579855,27.498341351189843,58992665.0,56542836.2
2023-11-01,EWY,56.25,61.893150000000006,-0.00262102817141979,22.55584480930837,5463918.0,3863544.85
2023-11-01,BBJP,50.03,49.58,0.0012642020784613757,20.63061651696548,1629847.0,1341080.35
2023-11-01,VNM,11.83,13.0885,-0.0013619352451292126,34.41802952075833,461599.0,643509.9
2023-11-01,MUFG,8.55,7.3473500000000005,0.0038323336931128994,12.045067780293369,3257969.0,3257274.45
2023-11-01,FLIN,30.99,29.854249999999997,0.000979042784504953,16.799377687300094,123402.0,136949.85
2023-12-01,510300,3.548,3.8079916666666667,-0.0028237676567311157,21.54689699541248,8604681.31,8467937.787999999
2023-12-01,588000,0.91,0.9717416666666666,-0.007785643783397427,13.069376071562205,25377989.38,26753375.112
2023-12-01,159915,1.881,2.0299666666666667,-0.005361174967028551,15.823741043884986,6312007.11,6010864.328
2023-12-01,510500,5.664,5.879683333333333,-0.0031295167828284745,12.629577593945731,1487487.25,2141942.7569999998
2023-12-01,518880,4.589,4.373349999999999,0.003028569004012308,15.24422602172894,1258480.0,1423309.671
2023-12-01,513180,0.521,0.542435,-0.002170653863487871,17.677961551483413,52631755.0,44516048.438
2023-12-01,513770,0.724,0.7894950000000001,-0.005410750954282401,17.953493759915084,3370973.35,2758197.1465
2023-12-01,QQQ,389.94,349.30065,0.006138354279867869,36.27834152423433,40490067.0,44748483.75
2023-12-01,EWY,63.32,61.7474,0.00037181376261747934,23.586071041511318,5116121.0,3557349.1
2023-12-01,BBJP,52.67,49.95309999999999,0.0023145105868541877,23.379240858011357,808538.0,1074853.05
2023-12-01,VNM,13.31,13.15265,0.0024503639343012597,12.018866520421149,243017.0,361115.0
2023-12-01,MUFG,8.64,7.4698,0.004342857142857172,12.671381209268235,2868041.0,3632818.4
2023-12-01,FLIN,33.3,30.21635,0.0038287637328867073,26.905433102169784,46659.0,110714.0
2024-01-02,510300,3.453,3.7298166666666663,-0.005054995865306877,46.69005547690775,9429305.78,11377930.105999999
2024-01-02,588000,0.886,0.9415416666666666,-0.007327423365167632,16.699077379395654,22534560.38,27079557.877499998
2024-01-02,159915,1.806,1.9721416666666667,-0.007344552196235083,29.604426982341074,7089133.6,7429281.874
2024-01-02,510500,5.497,5.779308333333334,-0.004704396558528537,28.762393639586872,3092572.47,2670288.71
2024-01-02,518880,4.666,4.434695,0.0034234138427650888,19.299382354769058,2062784.39,1642261.4224999999
2024-01-02,513180,0.496,0.537425,-0.002098207239743527,19.158817864754646,34538525.0,45790465.015
2024-01-02,513770,0.667,0.772355,-0.005421310514895645,27.425326830321765,2908366.0,2995352.3005
2024-01-02,QQQ,402.59,359.83359999999993,0.00789095402900247,40.946829360927914,58026946.0,44261762.65
2024-01-02,EWY,64.74,62.180200000000006,0.0027406759366396223,22.96211848966685,2965229.0,2906028.55
2024-01-02,BBJP,52.04,50.516450000000006,0.002980164335910819,20.53787875216553,1077597.0,1081898.05
2024-01-02,VNM,12.72,13.29635,0.002163156248469201,14.491821034513237,841781.0,477904.85
2024-01-02,MUFG,8.55,7.6244,0.007139696315229832,8.847349705829977,2105987.0,2941314.1
2024-01-02,FLIN,34.85,30.87685,0.00608830237862495,35.42452471061478,116699.0,291398.1
2024-02-01,510300,3.218,3.6085499999999997,-0.009161842436446039,47.05880012559896,18909975.81,19443952.319500003
2024-02-01,588000,0.726,0.9018583333333333,-0.012230406250285215,53.03003325981442,41918586.88,33735704.9185
2024-02-01,159915,1.548,1.8830666666666667,-0.013425426666608458,49.26055454602036,19813257.68,14134763.0935
2024-02-01,510500,4.765,5.599591666666666,-0.00946092760724636,46.33836137698232,3482024.85,2795918.8759999997
2024-02-01,518880,4.668,4.479629999999999,0.0019033262359317916,11.166889985221305,1195280.0,1033705.6259999999
2024-02-01,513180,0.411,0.52773,-0.006354675629112919,37.57079322844787,87656386.21,60188401.896000005
2024-02-01,513770,0.539,0.747795,-0.009752900047671957,43.64784828515238,5586996.0,3951576.4105
2024-02-01,QQQ,421.88,370.35220000000004,0.007215958492125102,30.25966187121264,51008622.0,45951123.35
2024-02-01,EWY,61.3,62.146899999999995,-0.0011275044380922154,18.386870856300266,4518953.0,3627139.8
2024-02-01,BBJP,54.82,51.14424999999999,0.002948391866477929,22.352334819156475,1162238.0,1673866.55
2024-02-01,VNM,12.89,13.38,0.0012009922216112507,9.644704173942465,353456.0,545316.6
2024-02-01,MUFG,9.43,7.89495,0.00901021797059207,21.18978618772736,4979410.0,3605106.65
2024-02-01,FLIN,35.87,31.676849999999998,0.005788303055607968,20.797432163916223,313478.0,205584.2
2024-03-01,510300,3.53,3.548775,-0.003815347474993341,27.990593431213554,12256393.13,17891547.278
2024-03-01,588000,0.855,0.8815333333333334,-0.004732469634103931,30.507762520587363,36927621.67,40246495.265
2024-03-01,159915,1.775,1.8340833333333333,-0.006240066464383854,28.38085007740602,12881947.2,20825743.9755
2024-03-01,510500,5.467,5.507975,-0.002979189419125967,27.4413566047674,3341373.23,7345131.158999999
2024-03-01,518880,4.667,4.5035300000000005,0.0016592268358813166,8.226306017628104,869293.0,926129.21
2024-03-01,513180,0.469,0.52178,-0.002170524846294325,26.508529730608707,73709799.39,68375281.39000002
2024-03-01,513770,0.611,0.73193,-0.005881074620378747,25.204353488211392,5666657.0,4109294.6279999996
2024-03-01,QQQ,445.61,381.71864999999997,0.0075121577839509755,25.824917386523403,43853028.0,42957438.35
2024-03-01,EWY,64.93,62.443999999999996,0.001557415043891363,21.812781737751475,3928786.0,3413383.6
2024-03-01,BBJP,57.54,51.80665,0.003415629969223486,32.98972028724311,621646.0,1724683.6
2024-03-01,VNM,13.6,13.49425,0.0019825432242685692,16.60647488373753,438481.0,449133.3
2024-03-01,MUFG,10.43,8.230749999999999,0.011564956093723756,37.391235037941144,2190125.0,3176772.95
2024-03-01,FLIN,37.03,32.45965,0.005911264406285969,20.024996262043295,208101.0,194805.45
2024-04-01,510300,3.584,3.501316666666667,-0.0029662464879641162,16.468874584049153,10932625.35,9847179.828499999
2024-04-01,588000,0.813,0.862875,-0.0056084280075676856,19.330902406267704,22443669.47,25435577.359
2024-04-01,159915,1.822,1.8018166666666666,-0.0038974680278627506,20.948746505525424,8830135.33,11336810.3765
2024-04-01,510500,5.484,5.443566666666666,-0.003190812413496373,19.452375962715173,4064102.72,3907283.5810000002
2024-04-01,513180,0.483,0.51807,-0.001378220264656883,20.611125334817658,34947294.0,50456094.458500005
2024-04-01,513910,0.989,0.9876666666666667,-0.0007166645588297061,40.70025024168352,45893.0,93368.05
2024-04-01,513770,0.68,0.71994,-0.0030741110003321827,24.67651321403386,2152896.0,4016924.631
2024-04-01,QQQ,444.95,391.28970000000004,0.005675546855292178,14.278954276948918,38728950.0,44994724.0
2024-04-01,EWY,66.6,62.71875,0.0003732334216174295,23.180296121100636,3070833.0,3220776.5
2024-04-01,BBJP,57.67,52.55015,0.0031861329718947447,32.67123664880619,2374584.0,1939326.15
2024-04-01,VNM,13.65,13.5844,0.0010169041899401345,19.10151035599777,580992.0,396903.65
2024-04-01,IAU,42.46,37.64225,0.0030804774740084873,43.684124706661876,20547688.0,6281277.35
2024-04-01,MUFG,9.98,8.5963,0.009921462431786317,26.681870744462238,2412464.0,2907886.6
2024-04-01,FLIN,36.93,33.182649999999995,0.005085605676250427,14.92329211889313,183484.0,187001.15
2024-05-01,IVV,502.86,471.01015,0.00304719597384268,24.02366834553281,5061578.0,5547109.55
2024-05-01,QQQ,421.52,398.24620000000004,0.0031801049791082333,17.549996761910943,52251708.0,49794681.05
2024-05-01,EWY,63.09,62.5937,-0.0012557361773284216,17.442008314947294,3456843.0,4117316.05
2024-05-01,BBJP,55.21,53.04285000000001,0.0015483135183821228,19.421181804145522,1183470.0,1464110.1
2024-05-01,VNM,12.18,13.494750000000002,-0.0030953005359522683,32.38835888824883,224844.0,564124.45
2024-05-01,IAU,43.69,38.478249999999996,0.004513729805366575,43.655145720215025,11788590.0,10481815.5
2024-05-01,MUFG,9.91,8.893650000000001,0.006672552548473765,10.026903711393139,2180427.0,2476637.85
2024-05-01,FLIN,37.56,33.898,0.004635227730753665,16.723950113398985,78983.0,279636.75
2024-06-03,510300,3.587,3.4814833333333337,0.00022265582915366775,17.32476128459004,7075115.9,7341834.756
2024-06-03,588000,0.785,0.8176333333333333,-0.0067119529454641195,16.964422718763117,28062035.09,22653565.861500002
2024-06-03,159915,1.782,1.7579833333333332,-0.002482469040064822,14.35168836167731,5534371.46,6116397.15
2024-06-03,510500,5.294,5.371358333333333,-0.0025718596464079286,22.527131202389704,2973093.3,3141536.6114999996
2024-06-03,159545,1.096,1.058151515151515,0.006428289827861649,66.53420744363751,119101.03,340407.33400000003
2024-06-03,518880,5.296,4.756565,0.004803726373493032,20.526904922086796,2198757.0,2489130.5915
2024-06-03,513180,0.516,0.50796,-0.00437092063740972,22.023569353415606,47547064.0,50279685.334
2024-06-03,513910,1.15,1.045327868852459,0.008986342894973982,34.87559854895347,96845.0,201722.83500000002
2024-06-03,513770,0.731,0.7053750000000001,-0.003939759801741062,23.497804807632292,3433495.0,3861062.9445
2024-06-03,IVV,530.29,479.06265,0.0043264246179157894,18.421394171156177,2958436.0,3502465.7
2024-06-03,QQQ,453.13,406.2909,0.0054116012942704616,19.67619234862095,32997469.0,31313881.4
2024-06-03,EWY,63.21,62.5221,0.0002759785840619441,13.68340950363681,2449530.0,2558589.6
2024-06-03,BBJP,57.09,53.55395000000001,0.002714900779738419,9.616810280259358,1370943.0,1332568.05
2024-06-03,VNM,12.79,13.265550000000001,-0.004719228417407806,13.402975919843422,695885.0,574135.75
2024-06-03,IAU,44.39,39.32415,0.005223697462666096,20.49456073452808,5176238.0,5745501.4
2024-06-03,MUFG,10.84,9.164,0.007957851435107858,15.705111947802482,3360866.0,2634944.7
2024-06-03,FLIN,39.48,34.615,0.005415563536657822,20.649276760929094,380343.0,253663.35
2024-07-01,510300,3.501,3.4969666666666663,0.0010114214287757824,32.09338507692718,8536040.2,9564228.328499999
2024-07-01,588000,0.743,0.7991833333333334,-0.006752697972119175,17.164541654757286,22150479.16,28357695.3795
2024-07-01,159915,1.65,1.7454666666666665,-0.0025572280980795904,26.88200677701713,8680997.09,6764344.071500001
2024-07-01,510500,5.055,5.316433333333333,-0.0028961044035478696,44.84456139059644,3095527.14,3140318.093
2024-07-01,159545,1.1,1.067423076923077,0.002195102087229492,25.218798285244418,71629.02,119977.99200000001
2024-07-01,518880,5.299,4.839935,0.004290077729775895,11.884316792364437,1512313.0,2456382.471
2024-07-01,513180,0.488,0.5011800000000001,-0.0036083857692420403,16.04813656904535,19963476.07,37973674.79
2024-07-01,513910,1.181,1.0694625,0.0055245458762177594,14.013235819959243,272757.0,106137.1
2024-07-01,513770,0.693,0.696515,-0.0037973597265329945,16.807105761403577,569757.0,2857852.7
2024-07-01,IVV,548.41,488.2745,0.005122936372066018,31.924609404489395,3912466.0,5767784.55
2024-07-01,QQQ,481.92,416.1993,0.006453939057442955,29.765789933932467,24898336.0,28775057.3
2024-07-01,EWY,66.12,62.795100000000005,0.0014289017709770968,15.205552150398653,1605312.0,2159591.5
2024-07-01,BBJP,56.09,54.03695,0.0019301779898521108,10.889154851078086,1550387.0,1485969.95
2024-07-01,VNM,12.3,13.04,-0.0060028585040496395,17.72788254508962,203947.0,544737.9
2024-07-01,IAU,44.06,40.05045,0.004738902526369314,11.856474607026092,4481160.0,4310097.75
2024-07-01,MUFG,10.9,9.38195,0.0053633236532751975,18.858227256866407,2009944.0,1854523.75
2024-07-01,FLIN,40.18,35.34565,0.005351631941975404,16.3042211384389,1330719.0,708432.25
2024-08-01,510300,3.483,3.5267166666666667,0.0020481080453945777,21.181621988115513,7965404.0,14196420.0555
2024-08-01,588000,0.774,0.786125,-0.0009319763193290155,18.65598085368092,26440448.69,23452517.051000003
2024-08-01,159915,1.636,1.733925,0.00019227903533605855,23.624627237910595,9030439.0,9161920.9875
2024-08-01,510500,4.93,5.2542333333333335,-0.0015171046422134122,45.67613557364073,3504122.31,3229525.6730000004
2024-08-01,159545,1.063,1.0723333333333334,-0.0007144410275527017,19.061550938691077,47730.0,68425.068
2024-08-01,518880,5.48,4.94212,0.004610280844974277,15.189174123083387,1997921.82,2488638.074
2024-08-01,513180,0.478,0.49372499999999997,-0.0026462775359318703,11.75714831046817,49399436.0,42156030.5895
2024-08-01,513910,1.112,1.0857669902912621,0.0008386794889167817,20.58798549303136,62043.0,109176.19100000002
2024-08-01,513770,0.671,0.6864699999999999,-0.0028470577981785697,16.65902634890258,1439263.0,1983295.25
2024-08-01,EWY,65.32,63.53795,0.002534028323998955,19.67732016418661,2516318.0,2488119.1
2024-08-01,BBJP,55.96,54.817350000000005,0.0032696605153490956,20.55102796038277,2741269.0,1969078.55
2024-08-01,VNM,11.71,12.85595,-0.0032099617363256358,22.63609128303975,693707.0,381551.6
2024-08-01,IAU,46.14,41.1215,0.006137656239868948,17.068427057418756,5918195.0,4303227.95
2024-08-01,MUFG,11.05,9.6719,0.007405632863928139,21.871958949552702,3425279.0,1846952.75
2024-08-01,FLIN,40.75,36.30815,0.006310896898458825,18.502169501343175,148930.0,256056.15
2024-09-02,510300,3.332,3.5224166666666665,-0.002068154667749623,20.548065473345545,11333065.0,11591642.2785
2024-09-02,588000,0.703,0.773925,-0.0072687624931855885,23.91687173196747,26345634.26,19258239.711000003
2024-09-02,159915,1.507,1.708625,-0.00615593417512896,29.717760262846696,15867300.3,9967065.153500002
2024-09-02,510500,4.617,5.166941666666667,-0.006468825612511313,30.19092214350921,4362036.51,3193994.5555
2024-09-02,159302,0.977,0.977,0.0,,1024849.12,1024849.12
2024-09-02,159545,1.05,1.0673917525773196,-0.0002642758830309721,16.736805378463586,59901.0,61637.297999999995
2024-09-02,518880,5.491,5.0448,0.004660054964750972,14.67073455137835,1696702.52,2073799.22
2024-09-02,513180,0.47,0.487025,-0.003824952188097614,16.417973704110928,39513339.28,40976709.322500005
2024-09-02,513910,1.09,1.0871600000000001,0.0006151297371510684,14.298154949460423,33570.0,38053.2485
2024-09-02,513770,0.664,0.676675,-0.003915593926413162,21.937344294217134,2565736.0,2091317.8974999997
2024-10-01,IVV,571.37,525.2128,0.005204659044497145,21.56307216415819,5475723.0,7915093.3
2024-10-01,QQQ,481.27,448.71955,0.005049104600066373,19.271423132297464,42735426.0,34629797.2
2024-10-01,EWY,63.48,64.237,0.0008327678976931594,16.844724910408534,4364777.0,3603883.65
2024-10-01,BBJP,59.34,56.2277,0.0029619178172600783,9.38302783664966,1579315.0,1965193.2
2024-10-01,VNM,12.84,12.71865,-0.0014524442281045047,18.532844688415324,260255.0,292479.8
2024-10-01,IAU,50.21,43.2378,0.007120546164757877,34.73403591833687,6266895.0,4625338.1
2024-10-01,MUFG,10.2,10.040700000000001,0.003673548948165614,8.22250825945076,3411796.0,2125061.35
2024-10-01,FLIN,41.62,38.15225,0.005216807076941328,12.378422776051446,260433.0,268060.35
2024-11-01,510300,3.979,3.575091666666667,0.0044367338147014495,45.26771578188669,18177560.19,30523105.933500003
2024-11-01,588000,0.99,0.7935166666666668,0.011289414713410538,53.29644086130557,76561037.81,122487539.068
2024-11-01,159915,2.084,1.7384666666666668,0.007290952459127372,46.786114122202754,23885767.98,56179684.162
2024-11-01,510500,5.946,5.1251083333333325,0.003241298085235995,46.32894824471471,3911259.13,8253801.632999999
2024-11-01,159302,1.097,1.0295263157894736,0.008770106625868515,49.92127200150516,262535.11,335031.9795
2024-11-01,159545,1.187,1.0920583333333334,0.00631215204453832,37.452623084476336,162525.01,256673.94949999996
2024-11-01,518880,6.051,5.265219999999999,0.0068150788399833065,37.8233021161109,3157902.0,3463751.4384999997
2024-11-01,513180,0.606,0.494555,0.006430671862758058,47.45461012006295,80914224.0,132749283.475
2024-11-01,513910,1.282,1.1100185185185185,0.004912365903825957,37.947300840903054,384706.0,807901.295
2024-11-01,513770,0.85,0.68779,0.00710164875391692,44.41916150601403,4760462.0,7651510.2695
2024-11-01,IVV,573.72,537.2314,0.004747678971207677,23.205677735853918,3188843.0,3293541.7
2024-11-01,QQQ,487.43,458.45835,0.004542104107624934,16.874224846044434,33655758.0,28566449.15
2024-11-01,EWY,60.02,64.14285,0.00048821156250319426,20.970328615101725,2092287.0,2460144.05
2024-11-01,BBJP,56.3,56.8031,0.0010944466963922705,21.72634284099965,482981.0,840588.1
2024-11-01,VNM,11.81,12.65205,-0.0017397685042726426,26.373239296370052,587707.0,358314.25
2024-11-01,MUFG,10.66,10.25385,0.0042554650160620535,8.896536222057104,1284866.0,1480566.5
2024-11-01,FLIN,39.35,38.77315,0.0026661460225677943,36.438471665943666,127776.0,266297.4
2024-12-02,510300,4.031,3.651925,0.004409739014042806,26.04507974228147,9816347.81,17323405.4565
2024-12-02,588000,1.068,0.8408333333333334,0.012899663705265253,33.86267196953663,46738907.52,68139376.0725
2024-12-02,159915,2.211,1.8111166666666667,0.00862745098039204,26.043091839261407,20748569.13,27789924.791
2024-12-02,510500,6.036,5.2364,0.0046076171169296435,28.115845177354842,3653448.38,4345127.516
2024-12-02,159302,1.058,1.047542372881356,0.00042955159070474317,22.474636072037953,60901.01,92746.4755
2024-12-02,159545,1.159,1.1051833333333332,0.002168738428986751,19.07762660926778,82064.01,155607.013
2024-12-02,518880,5.872,5.394665,0.005845265474804252,15.700101478254664,3002256.0,4124170.227999999
2024-12-02,513180,0.603,0.510865,0.008020915548539828,21.406283618774058,68479246.0,85102814.8555
2024-12-02,513910,1.257,1.1288142076502732,0.0027594570295276723,19.826351814019027,359750.0,411354.85
2024-12-02,513770,0.851,0.714415,0.009538411536532164,28.999334539523154,2823565.35,4039964.6969999997
2024-12-02,IVV,606.71,547.4046500000001,0.004666594477133833,20.71060094165119,6048750.0,4393979.2
2024-12-02,QQQ,515.29,466.28939999999994,0.004065016141201861,13.653151843815087,25147165.0,27961056.15
2024-12-02,EWY,56.71,63.82165,-0.002256667604665023,26.659112767250214,5716848.0,3602770.85
2024-12-02,BBJP,58.39,57.03755,0.0009695993317224475,15.22519004588556,2999726.0,1429916.65
2024-12-02,VNM,11.72,12.52905,-0.002670625507458645,28.050191498028738,531344.0,432552.7
2024-12-02,IAU,49.79,45.81655,0.006510296527695482,18.13634573987964,5103883.0,6755750.0
2024-12-02,MUFG,12.15,10.48505,0.005784311374373296,29.376530783821497,2203720.0,1789479.9
2024-12-02,FLIN,39.4,39.08525,0.0019996282742311485,25.206154149183167,249852.0,325422.5
2025-01-02,510300,3.909,3.747916666666667,0.006273688544029892,22.911900519251386,21729803.38,14241580.787
2025-01-02,159915,2.019,1.8974,0.011182661988719526,15.730190116594581,22999092.69,16177708.492999997
2025-01-02,510500,5.637,5.398108333333334,0.007397949662216911,15.011847870053408,4351665.0,4355618.939499999
2025-01-02,159302,1.089,1.0604691358024692,0.0030947555103198123,22.430389788717843,207077.0,86871.362
2025-01-02,518880,5.977,5.532819999999999,0.0050946678111275494,9.764741266629418,2330728.93,2425764.8044999996
2025-01-02,513180,0.602,0.52977,0.0076558027180476185,19.959170113754844,62172275.0,52132817.64650001
2025-01-02,513770,0.838,0.7451549999999999,0.008676877677682984,23.1359143723746,2656236.0,3081452.8170000003
2025-01-02,IVV,587.45,556.8480999999999,0.0034528554849962063,22.80400899609091,9403078.0,10655148.95
2025-01-02,QQQ,510.23,475.27004999999997,0.004170538889868216,19.408276777605412,36389782.0,31005305.6
2025-01-02,EWY,51.12,62.597649999999994,-0.006040199720378905,47.07116813083693,2568380.0,3524312.05
2025-01-02,BBJP,54.81,57.02125,-0.0009434937477112974,21.097667020747632,784022.0,1601056.55
2025-01-02,VNM,11.56,12.3487,-0.0038478913232876085,21.10350816057321,195040.0,376569.55
2025-01-02,IAU,50.19,46.87975,0.004664385014819286,10.80871843136434,4049850.0,4257285.9
2025-01-02,MUFG,11.66,10.644050000000002,0.003204508932568883,17.757547449661768,3107463.0,2255976.6
2025-01-02,FLIN,38.4,39.330149999999996,0.0011594874327344213,28.088876711871354,713866.0,190175.8
2025-02-03,IVV,600.68,564.7828,0.004108025615134918,15.609335629167424,4540164.0,4785478.6
2025-02-03,QQQ,518.11,483.06665,0.004386254448292332,12.927436495698464,40580836.0,34064705.9
2025-02-03,EWY,53.38,61.47345,-0.0034925245870813734,19.00020500399392,4539711.0,3752085.1
2025-02-03,BBJP,55.27,56.73565000000001,-0.0003735231958785649,17.67600285576529,1046544.0,1952470.65
2025-02-03,VNM,11.44,12.14745,-0.0029425525104037255,19.026292895890858,456304.0,302987.0
2025-02-03,IAU,53.17,47.7241,0.004149229173373442,19.822388229722733,9447840.0,5593204.6
2025-02-03,MUFG,12.49,10.850299999999999,0.006278634095672522,23.286995172941,3756046.0,2910154.75
2025-02-03,FLIN,36.41,39.32425,-0.00047911832062040046,32.3325299924311,194223.0,258519.05
2025-03-03,510300,3.981,3.8968583333333333,0.006859918568072703,17.101432621659832,11457686.13,12262881.272
2025-03-03,588000,1.119,0.9888916666666667,0.018863226581952473,29.613690390798723,40648253.24,47623457.265
2025-03-03,159915,2.154,2.0441083333333334,0.013791763791763731,24.22075311577149,20129436.56,15688175.2095
2025-03-03,510500,5.877,5.678575,0.009979309199995273,19.29853984357652,2773489.61,3438252.2235
2025-03-03,159302,1.113,1.0706324786324786,0.0017028044044005873,20.900485437069893,79428.33,72409.18600000002
2025-03-03,159545,1.221,1.1689250000000002,0.006190462527258154,18.856264595627557,757261.21,227784.61200000002
2025-03-03,518880,6.451,5.741210000000001,0.005285390976225714,36.29792585738546,2587499.48,3128405.9855
2025-03-03,513180,0.759,0.567765,0.012591291320747907,48.35869015690301,105203881.0,92318092.38149999
2025-03-03,513910,1.338,1.2089150000000002,0.006301270659136467,18.89934080899618,531983.0,687729.9349999999
2025-03-03,IVV,586.79,573.6741000000001,0.0031184280492758992,18.040330082689543,6730125.0,4305861.05
2025-03-03,QQQ,497.05,491.9721,0.0033327014562098993,18.217493595918494,44587204.0,31489912.15
2025-03-03,EWY,54.32,60.75075,-0.0037904689752205085,14.350735315112829,4534055.0,3269959.7
2025-03-03,BBJP,56.55,56.80015,0.00016551991301411788,9.969400041063597,2248695.0,1446445.0
2025-03-03,VNM,12.04,12.08605,-0.0013509717080908911,26.11802069343201,801652.0,509155.35
2025-03-03,IAU,54.57,48.73214999999999,0.005367016009242218,22.526865474749624,7463027.0,7671649.5
2025-03-03,MUFG,12.84,11.10565,0.0059420020742661185,19.309300324897684,4990692.0,3465776.0
2025-03-03,FLIN,34.03,39.156549999999996,-0.0015516071947656415,33.95921299464583,239977.0,431854.2
2025-04-01,510300,3.982,4.015783333333333,0.004839722002698214,14.582002625776191,6150155.41,9616482.2295
2025-04-01,588000,1.076,1.0626416666666667,0.014406631346156962,19.32124292295276,26117807.85,33801001.441
2025-04-01,159915,2.062,2.146916666666667,0.008502376124450988,20.750690837149453,9304838.77,11166291.600499999
2025-04-01,510500,5.886,5.907833333333333,0.006864013566119819,19.02096182054165,1740931.33,2485067.9050000003
2025-04-01,159302,1.14,1.0979333333333332,0.004429332703112496,22.266842799547128,88731.0,74707.9055
2025-04-01,159545,1.264,1.2079,0.006087276412324409,24.344220914381754,664835.0,428767.57300000003
2025-04-01,513180,0.749,0.59488,0.01035182621839884,21.85202411799866,80687110.0,86460564.5515
2025-04-01,513910,1.363,1.2324799999999998,0.004265651927691419,16.985298067377016,602909.0,534453.9349999999
2025-04-01,513770,1.058,0.834175,0.010257900824144324,24.070548471539656,6101967.0,8106513.994500001
2025-04-01,IVV,563.78,577.3993,0.0011425418734791217,32.52196118359714,4466652.0,9853145.2
2025-04-01,QQQ,472.7,494.4843,0.00043731322764772624,31.82565306925259,41156227.0,45551864.85
2025-04-01,EWY,54.85,59.864799999999995,-0.0037195260974266435,13.21982736199775,2932493.0,3145924.3
2025-04-01,BBJP,55.83,56.8866,9.405559828590204e-05,14.440118269494832,768573.0,1445038.25
2025-04-01,VNM,12.56,12.051549999999999,-0.0006592313114143217,22.994956146263036,1423088.0,973014.4
2025-04-01,IAU,58.86,49.99700000000001,0.007170476853330343,32.61606596786598,13282040.0,6793540.25
2025-04-01,MUFG,13.3,11.46205,0.007683752906682738,24.727069336473814,9157524.0,12686055.0
2025-04-01,FLIN,36.56,38.887100000000004,-0.0014264565970727892,24.95515720420043,357204.0,361018.0
2025-05-01,IVV,561.11,575.8215,-0.00024003413432964872,26.165882553067398,5403027.0,9271749.85
2025-05-01,QQQ,481.68,491.07120000000003,-0.0010779064570848149,22.68079373697,43316540.0,65922831.35
2025-05-01,EWY,55.6,58.56155,-0.005323991507431171,10.261233175418647,2933839.0,4147208.9
2025-05-01,BBJP,58.3,56.748050000000006,-4.140939975740694e-05,16.91036129974292,405433.0,1804733.85
2025-05-01,VNM,12.11,11.972549999999998,-0.0008428853383851928,11.549743743074474,533751.0,2075264.5
2025-05-01,IAU,60.86,51.7268,0.00825974284179968,26.874244923549377,8245258.0,11753843.5
2025-05-01,MUFG,12.37,11.600300000000002,0.003065322939770308,18.415236745901836,6124004.0,9373145.3
2025-05-01,FLIN,38.25,38.56765,-0.0016734701273286943,24.654560593874418,203438.0,639633.6
