date,open,high,low,close
2024-09-02,0.981,0.982,0.967,0.977
2024-09-03,0.977,0.981,0.965,0.968
2024-09-04,0.964,0.964,0.948,0.951
2024-09-05,0.953,0.958,0.944,0.947
2024-09-06,0.948,0.952,0.943,0.946
2024-09-09,0.939,0.942,0.92,0.924
2024-09-10,0.924,0.929,0.921,0.929
2024-09-11,0.923,0.923,0.902,0.908
2024-09-12,0.912,0.925,0.908,0.921
2024-09-13,0.921,0.939,0.921,0.929
2024-09-18,0.938,0.944,0.937,0.942
2024-09-19,0.942,0.957,0.941,0.956
2024-09-20,0.958,0.962,0.951,0.958
2024-09-23,0.962,0.976,0.949,0.975
2024-09-24,0.98,1.011,0.98,1.01
2024-09-25,1.052,1.052,1.014,1.015
2024-09-26,1.016,1.034,1.015,1.034
2024-09-27,1.044,1.052,1.034,1.048
2024-09-30,1.062,1.113,1.062,1.088
2024-10-08,1.191,1.196,1.058,1.093
2024-10-09,1.093,1.093,1.01,1.039
2024-10-10,1.053,1.108,1.052,1.077
2024-10-11,1.091,1.093,1.049,1.057
2024-10-14,1.081,1.124,1.08,1.115
2024-10-15,1.121,1.122,1.075,1.078
2024-10-16,1.061,1.108,1.061,1.097
2024-10-17,1.108,1.113,1.079,1.081
2024-10-18,1.082,1.108,1.077,1.096
2024-10-21,1.102,1.111,1.093,1.098
2024-10-22,1.098,1.109,1.098,1.1
2024-10-23,1.103,1.115,1.099,1.109
2024-10-24,1.103,1.109,1.098,1.108
2024-10-25,1.109,1.116,1.102,1.105
2024-10-28,1.105,1.108,1.099,1.103
2024-10-29,1.104,1.107,1.081,1.089
2024-10-30,1.091,1.095,1.071,1.074
2024-10-31,1.075,1.089,1.074,1.08
2024-11-01,1.084,1.102,1.08,1.097
2024-11-04,1.097,1.101,1.085,1.093
2024-11-05,1.095,1.115,1.09,1.114
2024-11-06,1.115,1.12,1.103,1.106
2024-11-07,1.102,1.13,1.101,1.128
2024-11-08,1.149,1.149,1.113,1.115
2024-11-11,1.115,1.115,1.096,1.105
2024-11-12,1.104,1.114,1.072,1.077
2024-11-13,1.077,1.089,1.073,1.08
2024-11-14,1.08,1.088,1.068,1.068
2024-11-15,1.07,1.077,1.068,1.071
2024-11-18,1.073,1.095,1.073,1.085
2024-11-19,1.09,1.093,1.078,1.085
2024-11-20,1.084,1.091,1.082,1.088
2024-11-21,1.088,1.093,1.083,1.089
2024-11-22,1.089,1.091,1.056,1.056
2024-11-25,1.062,1.067,1.058,1.061
2024-11-26,1.059,1.062,1.052,1.054
2024-11-27,1.053,1.059,1.045,1.057
2024-11-28,1.057,1.061,1.046,1.047
2024-11-29,1.049,1.055,1.043,1.046
2024-12-02,1.047,1.063,1.047,1.058
2024-12-03,1.059,1.078,1.057,1.074
2024-12-04,1.075,1.083,1.071,1.08
2024-12-05,1.08,1.081,1.071,1.074
2024-12-06,1.077,1.09,1.077,1.087
2024-12-09,1.086,1.096,1.083,1.091
2024-12-10,1.124,1.132,1.095,1.096
2024-12-11,1.099,1.107,1.094,1.097
2024-12-12,1.097,1.108,1.095,1.105
2024-12-13,1.1,1.1,1.081,1.085
2024-12-16,1.087,1.097,1.087,1.097
2024-12-17,1.099,1.099,1.082,1.086
2024-12-18,1.094,1.095,1.087,1.09
2024-12-19,1.087,1.088,1.08,1.088
2024-12-20,1.088,1.088,1.072,1.074
2024-12-23,1.077,1.094,1.077,1.09
2024-12-24,1.089,1.119,1.086,1.114
2024-12-25,1.115,1.121,1.11,1.114
2024-12-26,1.115,1.122,1.114,1.121
2024-12-27,1.118,1.118,1.105,1.11
2024-12-30,1.112,1.122,1.11,1.116
2024-12-31,1.115,1.128,1.115,1.115
2025-01-02,1.132,1.132,1.089,1.089
2025-01-03,1.094,1.109,1.094,1.1
2025-01-06,1.1,1.11,1.1,1.102
2025-01-07,1.102,1.102,1.083,1.086
2025-01-08,1.087,1.095,1.077,1.085
2025-01-09,1.084,1.089,1.072,1.074
2025-01-10,1.079,1.08,1.065,1.066
2025-01-13,1.063,1.07,1.058,1.067
2025-01-14,1.068,1.081,1.068,1.078
2025-01-15,1.078,1.089,1.075,1.077
2025-01-16,1.08,1.085,1.075,1.081
2025-01-17,1.081,1.081,1.075,1.075
2025-01-20,1.079,1.081,1.069,1.07
2025-01-21,1.075,1.076,1.067,1.073
2025-01-22,1.072,1.074,1.065,1.066
2025-01-23,1.068,1.082,1.068,1.073
2025-01-24,1.073,1.081,1.072,1.078
2025-01-27,1.08,1.092,1.08,1.09
2025-02-05,1.095,1.095,1.081,1.084
2025-02-06,1.083,1.091,1.081,1.09
2025-02-07,1.09,1.094,1.085,1.089
2025-02-10,1.091,1.099,1.091,1.093
2025-02-11,1.095,1.1,1.094,1.096
2025-02-12,1.097,1.109,1.097,1.109
2025-02-13,1.11,1.112,1.104,1.111
2025-02-14,1.109,1.109,1.099,1.101
2025-02-17,1.105,1.115,1.103,1.115
2025-02-18,1.117,1.129,1.113,1.117
2025-02-19,1.117,1.121,1.111,1.115
2025-02-20,1.116,1.117,1.106,1.111
2025-02-21,1.115,1.123,1.114,1.12
2025-02-24,1.119,1.126,1.108,1.117
2025-02-25,1.116,1.116,1.103,1.103
2025-02-26,1.106,1.119,1.106,1.116
2025-02-27,1.116,1.12,1.109,1.118
2025-02-28,1.113,1.119,1.104,1.107
2025-03-03,1.108,1.121,1.108,1.113
2025-03-04,1.108,1.111,1.102,1.109
2025-03-05,1.109,1.125,1.109,1.123
2025-03-06,1.13,1.13,1.119,1.123
2025-03-07,1.123,1.131,1.116,1.125
2025-03-10,1.127,1.132,1.12,1.127
2025-03-11,1.12,1.129,1.119,1.128
2025-03-12,1.128,1.134,1.122,1.128
2025-03-13,1.127,1.135,1.122,1.127
2025-03-14,1.13,1.145,1.13,1.142
2025-03-17,1.149,1.151,1.137,1.15
2025-03-18,1.179,1.179,1.15,1.156
2025-03-19,1.156,1.16,1.152,1.153
2025-03-20,1.153,1.161,1.15,1.152
2025-03-21,1.148,1.159,1.132,1.137
2025-03-24,1.144,1.155,1.138,1.148
2025-03-25,1.144,1.145,1.131,1.135
2025-03-26,1.137,1.142,1.129,1.133
2025-03-27,1.131,1.142,1.131,1.136
2025-03-28,1.137,1.14,1.121,1.127
2025-03-31,1.13,1.138,1.121,1.127
2025-04-01,1.127,1.14,1.127,1.14
2025-04-02,1.141,1.148,1.135,1.146
2025-04-03,1.141,1.141,1.126,1.132
2025-04-07,1.08,1.08,1.019,1.021
2025-04-08,1.039,1.054,1.029,1.037
2025-04-09,1.032,1.044,1.013,1.037
2025-04-10,1.055,1.084,1.055,1.066
2025-04-11,1.066,1.081,1.057,1.071
2025-04-14,1.083,1.095,1.08,1.094
2025-04-15,1.099,1.101,1.093,1.1
2025-04-16,1.097,1.105,1.084,1.09
2025-04-17,1.086,1.101,1.086,1.097
2025-04-18,1.092,1.109,1.09,1.093
2025-04-21,1.093,1.099,1.092,1.096
2025-04-22,1.097,1.102,1.093,1.099
2025-04-23,1.107,1.114,1.101,1.105
2025-04-24,1.104,1.11,1.1,1.103
2025-04-25,1.105,1.114,1.105,1.113
2025-04-28,1.115,1.119,1.104,1.117
2025-04-29,1.119,1.12,1.108,1.11
2025-04-30,1.11,1.114,1.1,1.107
2025-05-06,1.111,1.115,1.103,1.114
2025-05-07,1.119,1.133,1.119,1.132
2025-05-08,1.131,1.132,1.122,1.124
2025-05-09,1.122,1.133,1.12,1.132
2025-05-12,1.132,1.145,1.132,1.139
2025-05-13,1.144,1.154,1.14,1.15
2025-05-14,1.155,1.184,1.154,1.174
2025-05-15,1.174,1.187,1.166,1.17
2025-05-16,1.167,1.171,1.159,1.17
2025-05-19,1.17,1.177,1.166,1.173
2025-05-20,1.177,1.191,1.177,1.191
2025-05-21,1.191,1.307,1.173,1.197
2025-05-22,1.199,1.203,1.193,1.197
2025-05-23,1.198,1.205,1.193,1.195
2025-05-26,1.195,1.207,1.189,1.197
2025-05-27,1.196,1.203,1.19,1.193
2025-05-28,1.195,1.202,1.191,1.198
2025-05-29,1.203,1.217,1.198,1.202
2025-05-30,1.201,1.205,1.194,1.198
2025-06-03,1.197,1.208,1.19,1.202
2025-06-04,1.2,1.205,1.2,1.204
2025-06-05,1.207,1.207,1.195,1.199
2025-06-06,1.199,1.207,1.198,1.205
2025-06-09,1.206,1.207,1.2,1.206
2025-06-10,1.208,1.229,1.206,1.227
2025-06-11,1.228,1.242,1.227,1.241
2025-06-12,1.24,1.245,1.237,1.241
2025-06-13,1.24,1.257,1.238,1.254
2025-06-16,1.254,1.258,1.247,1.258
2025-06-17,1.267,1.267,1.251,1.256
2025-06-18,1.257,1.263,1.246,1.249
2025-06-19,1.249,1.252,1.22,1.225
2025-06-20,1.229,1.248,1.22,1.241
2025-06-23,1.235,1.252,1.234,1.252
2025-06-24,1.25,1.261,1.245,1.261
2025-06-25,1.261,1.262,1.25,1.259
2025-06-26,1.256,1.257,1.252,1.254
2025-06-27,1.256,1.258,1.239,1.244
2025-06-30,1.246,1.246,1.233,1.241
2025-07-01,1.24,1.244,1.239,1.243
2025-07-02,1.244,1.269,1.244,1.263
2025-07-03,1.264,1.269,1.252,1.262
2025-07-04,1.26,1.264,1.254,1.258
2025-07-07,1.258,1.261,1.255,1.259
2025-07-08,1.263,1.266,1.255,1.258
2025-07-09,1.259,1.262,1.253,1.259
2025-07-10,1.26,1.279,1.256,1.279
2025-07-11,1.279,1.302,1.279,1.289
2025-07-14,1.29,1.304,1.289,1.294
2025-07-15,1.295,1.301,1.281,1.288
2025-07-16,1.289,1.297,1.285,1.292
2025-07-17,1.292,1.295,1.282,1.284
2025-07-18,1.286,1.289,1.282,1.287
2025-07-21,1.29,1.31,1.29,1.309
2025-07-22,1.32,1.329,1.301,1.322
2025-07-23,1.333,1.339,1.324,1.33
2025-07-24,1.33,1.343,1.325,1.342
2025-07-25,1.35,1.352,1.336,1.341
2025-07-28,1.341,1.347,1.332,1.337
2025-07-29,1.337,1.34,1.324,1.333
2025-07-30,1.33,1.346,1.329,1.337
2025-07-31,1.338,1.339,1.31,1.311
2025-08-01,1.312,1.321,1.303,1.308
2025-08-04,1.309,1.31,1.29,1.309
2025-08-05,1.312,1.325,1.311,1.324
2025-08-06,1.326,1.337,1.325,1.329
2025-08-07,1.329,1.336,1.322,1.336
2025-08-08,1.336,1.341,1.332,1.338
2025-08-11,1.34,1.341,1.328,1.334
2025-08-12,1.332,1.351,1.331,1.349
2025-08-13,1.352,1.357,1.347,1.351
2025-08-14,1.352,1.362,1.343,1.349
2025-08-15,1.349,1.349,1.338,1.346
2025-08-18,1.343,1.352,1.342,1.344
2025-08-19,1.344,1.345,1.337,1.338
2025-08-20,1.336,1.337,1.325,1.337
2025-08-21,1.333,1.346,1.333,1.341
2025-08-22,1.341,1.345,1.332,1.335
2025-08-25,1.337,1.347,1.337,1.342
2025-08-26,1.341,1.342,1.33,1.331
2025-08-27,1.331,1.333,1.309,1.31
2025-08-28,1.31,1.324,1.309,1.32
2025-08-29,1.32,1.327,1.307,1.309
2025-09-01,1.31,1.31,1.301,1.303
2025-09-02,1.303,1.31,1.297,1.304
2025-09-03,1.302,1.309,1.293,1.295
2025-09-04,1.297,1.302,1.279,1.289
2025-09-05,1.29,1.306,1.287,1.304
2025-09-08,1.305,1.313,1.296,1.313
2025-09-09,1.313,1.321,1.308,1.317
2025-09-10,1.313,1.336,1.313,1.333
2025-09-11,1.333,1.34,1.327,1.338
2025-09-12,1.342,1.346,1.332,1.333
2025-09-15,1.333,1.337,1.327,1.332
2025-09-16,1.332,1.34,1.321,1.324
2025-09-17,1.324,1.33,1.32,1.325
2025-09-18,1.329,1.33,1.3,1.303
2025-09-19,1.303,1.314,1.303,1.31
2025-09-22,1.305,1.314,1.287,1.291
2025-09-23,1.291,1.294,1.281,1.283
2025-09-24,1.287,1.294,1.281,1.284
2025-09-25,1.285,1.288,1.271,1.272
2025-09-26,1.272,1.282,1.263,1.282
2025-09-29,1.283,1.287,1.272,1.284
2025-09-30,1.283,1.289,1.277,1.283
2025-10-09,1.283,1.283,1.27,1.283
2025-10-10,1.283,1.295,1.276,1.287
2025-10-13,1.267,1.282,1.261,1.275
2025-10-14,1.28,1.308,1.28,1.289
2025-10-15,1.294,1.31,1.292,1.31
2025-10-16,1.31,1.327,1.302,1.327
2025-10-17,1.331,1.338,1.309,1.312
2025-10-20,1.323,1.328,1.315,1.324
2025-10-21,1.321,1.333,1.321,1.326
2025-10-22,1.327,1.331,1.313,1.322
2025-10-23,1.322,1.338,1.322,1.335
2025-10-24,1.335,1.341,1.33,1.339
2025-10-27,1.342,1.351,1.336,1.347
2025-10-28,1.348,1.352,1.338,1.345
2025-10-29,1.345,1.353,1.343,1.345
2025-10-30,1.348,1.355,1.338,1.345
2025-10-31,1.347,1.35,1.335,1.335
2025-11-03,1.332,1.366,1.332,1.365
2025-11-04,1.367,1.38,1.359,1.361
2025-11-05,1.363,1.368,1.349,1.366
2025-11-06,1.367,1.385,1.367,1.385
2025-11-07,1.389,1.394,1.381,1.39
2025-11-10,1.39,1.408,1.39,1.406
2025-11-11,1.413,1.417,1.396,1.405
2025-11-12,1.413,1.431,1.41,1.431
2025-11-13,1.433,1.433,1.41,1.422
2025-11-14,1.423,1.423,1.4,1.402
2025-11-17,1.39,1.4,1.382,1.386
2025-11-18,1.386,1.39,1.36,1.364
2025-11-19,1.364,1.379,1.364,1.372
2025-11-20,1.379,1.38,1.364,1.367
2025-11-21,1.364,1.364,1.34,1.342
2025-11-24,1.336,1.353,1.334,1.339
2025-11-25,1.341,1.354,1.341,1.349
2025-11-26,1.355,1.359,1.346,1.349
2025-11-27,1.353,1.355,1.341,1.347
2025-11-28,1.35,1.351,1.337,1.338
2025-12-01,1.336,1.35,1.336,1.35
2025-12-02,1.353,1.365,1.352,1.359
2025-12-03,1.361,1.363,1.348,1.35
2025-12-04,1.354,1.36,1.353,1.36
2025-12-05,1.364,1.364,1.35,1.36
2025-12-08,1.363,1.364,1.348,1.351
2025-12-09,1.352,1.352,1.328,1.329
2025-12-10,1.332,1.332,1.306,1.311
2025-12-11,1.312,1.326,1.309,1.309
2025-12-12,1.315,1.321,1.311,1.319
2025-12-15,1.32,1.327,1.311,1.324
2025-12-16,1.325,1.325,1.29,1.291
2025-12-17,1.291,1.294,1.285,1.291
2025-12-18,1.291,1.295,1.286,1.294
2025-12-19,1.298,1.306,1.289,1.293
2025-12-22,1.292,1.295,1.286,1.288
2025-12-23,1.289,1.3,1.289,1.291
2025-12-24,1.292,1.294,1.285,1.286
2025-12-25,1.287,1.287,1.285,1.286
2025-12-26,1.287,1.29,1.284,1.286
2025-12-29,1.286,1.289,1.273,1.278
2025-12-30,1.278,1.287,1.275,1.281
2025-12-31,1.282,1.282,1.269,1.27
2026-01-05,1.27,1.277,1.266,1.269
2026-01-06,1.271,1.279,1.268,1.279
2026-01-07,1.28,1.285,1.273,1.275
2026-01-08,1.275,1.279,1.266,1.268
2026-01-09,1.27,1.275,1.269,1.274
2026-01-12,1.277,1.278,1.266,1.271
2026-01-13,1.275,1.289,1.275,1.281
2026-01-14,1.285,1.287,1.274,1.277
2026-01-15,1.277,1.292,1.277,1.283
2026-01-16,1.287,1.289,1.268,1.268
2026-01-19,1.268,1.274,1.258,1.259
2026-01-20,1.26,1.27,1.256,1.265
2026-01-21,1.27,1.272,1.261,1.263
2026-01-22,1.264,1.284,1.264,1.28
2026-01-23,1.282,1.288,1.272,1.274
2026-01-26,1.272,1.288,1.269,1.284
2026-01-27,1.286,1.296,1.286,1.293
2026-01-28,1.297,1.325,1.297,1.322
2026-01-29,1.32,1.341,1.315,1.339
2026-01-30,1.346,1.349,1.316,1.322
2026-02-02,1.32,1.32,1.286,1.29
2026-02-03,1.299,1.316,1.298,1.312
2026-02-04,1.312,1.332,1.308,1.332
2026-02-05,1.332,1.332,1.313,1.326
2026-02-06,1.326,1.333,1.312,1.328
2026-02-09,1.336,1.345,1.335,1.341
2026-02-10,1.341,1.347,1.337,1.347
2026-02-11,1.348,1.35,1.338,1.35
2026-02-12,1.357,1.359,1.347,1.349
2026-02-13,1.345,1.345,1.333,1.339
2026-02-24,1.346,1.365,1.346,1.361
2026-02-25,1.364,1.372,1.357,1.361
2026-02-26,1.36,1.37,1.347,1.351
2026-02-27,1.359,1.359,1.34,1.355
2026-03-02,1.371,1.371,1.341,1.359
2026-03-03,1.359,1.378,1.353,1.36
2026-03-04,1.359,1.36,1.326,1.337
2026-03-05,1.339,1.362,1.339,1.35
2026-03-06,1.346,1.363,1.339,1.363
2026-03-09,1.362,1.362,1.342,1.346
2026-03-10,1.35,1.357,1.346,1.349
2026-03-11,1.35,1.361,1.341,1.36
2026-03-12,1.36,1.365,1.349,1.36
2026-03-13,1.36,1.36,1.338,1.34
2026-03-16,1.34,1.354,1.334,1.347
2026-03-17,1.347,1.361,1.346,1.348
2026-03-18,1.352,1.355,1.34,1.352
2026-03-19,1.35,1.354,1.34,1.341
2026-03-20,1.345,1.35,1.337,1.344
2026-03-23,1.332,1.344,1.303,1.303
2026-03-24,1.32,1.334,1.314,1.334
2026-03-25,1.334,1.339,1.324,1.335
2026-03-26,1.338,1.344,1.332,1.335
2026-03-27,1.333,1.345,1.322,1.34
2026-03-30,1.34,1.342,1.326,1.339
2026-03-31,1.337,1.345,1.317,1.318
2026-04-01,1.325,1.342,1.325,1.337
2026-04-02,1.339,1.341,1.33,1.332
2026-04-03,1.333,1.344,1.332,1.334
2026-04-07,1.336,1.341,1.334,1.335
2026-04-08,1.341,1.343,1.332,1.342
2026-04-09,1.342,1.344,1.335,1.341
2026-04-10,1.345,1.354,1.341,1.35
2026-04-13,1.35,1.351,1.341,1.348
2026-04-14,1.353,1.36,1.348,1.355
2026-04-15,1.355,1.355,1.343,1.346
2026-04-16,1.347,1.349,1.343,1.348
2026-04-17,1.343,1.348,1.339,1.34
2026-04-20,1.339,1.344,1.334,1.341
2026-04-21,1.341,1.359,1.341,1.358
2026-04-22,1.358,1.358,1.343,1.345
2026-04-23,1.344,1.351,1.342,1.348
2026-04-24,1.352,1.352,1.341,1.348
2026-04-27,1.348,1.352,1.342,1.344
2026-04-28,1.344,1.347,1.332,1.347
2026-04-29,1.348,1.368,1.348,1.368
2026-04-30,1.368,1.368,1.347,1.348
2026-05-06,1.349,1.351,1.337,1.349
