ts_code,date,pre_close,open,high,low,close,change,pct_chg,volume,amount,regime,split,trade_date,vol
159302.SZ,2024-09-02,0.994,0.981,0.982,0.967,0.977,-0.017,-1.7103,1024849.12,99731.894,normal,test,,
159302.SZ,2024-09-03,0.977,0.977,0.981,0.965,0.968,-0.009,-0.9212,384882.15,37333.706,normal,test,,
159302.SZ,2024-09-04,0.968,0.964,0.964,0.948,0.951,-0.017,-1.7562,186106.58,17745.453,normal,test,,
159302.SZ,2024-09-05,0.951,0.953,0.958,0.944,0.947,-0.004,-0.4206,125220.71,11858.062,normal,test,,
159302.SZ,2024-09-06,0.947,0.948,0.952,0.943,0.946,-0.001,-0.1056,40431.17,3840.211,normal,test,,
159302.SZ,2024-09-09,0.946,0.939,0.942,0.92,0.924,-0.022,-2.3256,180390.69,16709.807,normal,test,,
159302.SZ,2024-09-10,0.924,0.924,0.929,0.921,0.929,0.005,0.5411,202031.98,18681.159,normal,test,,
159302.SZ,2024-09-11,0.929,0.923,0.923,0.902,0.908,-0.021,-2.2605,172765.64,15648.495,normal,test,,
159302.SZ,2024-09-12,0.908,0.912,0.925,0.908,0.921,0.013,1.4317,141209.93,12963.504,normal,test,,
159302.SZ,2024-09-13,0.921,0.921,0.939,0.921,0.929,0.008,0.8686,95831.18,8923.346,normal,test,,
159302.SZ,2024-09-18,0.929,0.938,0.944,0.937,0.942,0.013,1.3994,84489.38,7946.166,normal,test,,
159302.SZ,2024-09-19,0.942,0.942,0.957,0.941,0.956,0.014,1.4862,95890.84,9119.727,normal,test,,
159302.SZ,2024-09-20,0.956,0.958,0.962,0.951,0.958,0.002,0.2092,165684.78,15879.107,normal,test,,
159302.SZ,2024-09-23,0.958,0.962,0.976,0.949,0.975,0.017,1.7745,185124.69,18005.583,normal,test,,
159302.SZ,2024-09-24,0.975,0.98,1.011,0.98,1.01,0.035,3.5897,421133.11,42216.509,normal,test,,
159302.SZ,2024-09-25,1.01,1.052,1.052,1.014,1.015,0.005,0.495,351791.97,36137.472,normal,test,,
159302.SZ,2024-09-26,1.015,1.016,1.034,1.015,1.034,0.019,1.8719,307562.49,31535.746,normal,test,,
159302.SZ,2024-09-27,1.034,1.044,1.052,1.034,1.048,0.014,1.354,354597.66,36960.473,normal,test,,
159302.SZ,2024-09-30,1.048,1.062,1.113,1.062,1.088,0.04,3.8168,408895.95,44202.838,normal,test,,
159302.SZ,2024-10-08,1.088,1.191,1.196,1.058,1.093,0.005,0.4596,591500.56,66202.77,normal,test,,
159302.SZ,2024-10-09,1.093,1.093,1.093,1.01,1.039,-0.054,-4.9405,248272.61,26060.423,normal,test,,
159302.SZ,2024-10-10,1.039,1.053,1.108,1.052,1.077,0.038,3.6574,404318.38,43871.24,normal,test,,
159302.SZ,2024-10-11,1.077,1.091,1.093,1.049,1.057,-0.02,-1.857,207926.02,22362.02,normal,test,,
159302.SZ,2024-10-14,1.057,1.081,1.124,1.08,1.115,0.058,5.4872,1162535.45,128837.024,normal,test,,
159302.SZ,2024-10-15,1.115,1.121,1.122,1.075,1.078,-0.037,-3.3184,485765.11,53575.773,normal,test,,
159302.SZ,2024-10-16,1.078,1.061,1.108,1.061,1.097,0.019,1.7625,686821.52,75353.807,normal,test,,
159302.SZ,2024-10-17,1.097,1.108,1.113,1.079,1.081,-0.016,-1.4585,370513.42,40706.986,normal,test,,
159302.SZ,2024-10-18,1.081,1.082,1.108,1.077,1.096,0.015,1.3876,550998.03,60094.112,normal,test,,
159302.SZ,2024-10-21,1.096,1.102,1.111,1.093,1.098,0.002,0.1825,239553.38,26361.042,normal,test,,
159302.SZ,2024-10-22,1.098,1.098,1.109,1.098,1.1,0.002,0.1821,132875.4,14644.667,normal,test,,
159302.SZ,2024-10-23,1.1,1.103,1.115,1.099,1.109,0.009,0.8182,165331.39,18341.706,normal,test,,
159302.SZ,2024-10-24,1.109,1.103,1.109,1.098,1.108,-0.001,-0.0902,107521.94,11872.508,normal,test,,
159302.SZ,2024-10-25,1.108,1.109,1.116,1.102,1.105,-0.003,-0.2708,173433.27,19232.665,normal,test,,
159302.SZ,2024-10-28,1.105,1.105,1.108,1.099,1.103,-0.002,-0.181,91405.23,10081.081,normal,test,,
159302.SZ,2024-10-29,1.103,1.104,1.107,1.081,1.089,-0.014,-1.2693,117911.08,12925.461,normal,test,,
159302.SZ,2024-10-30,1.089,1.091,1.095,1.071,1.074,-0.015,-1.3774,75463.43,8150.409,normal,test,,
159302.SZ,2024-10-31,1.074,1.075,1.089,1.074,1.08,0.006,0.5587,217062.31,23471.383,normal,test,,
159302.SZ,2024-11-01,1.08,1.084,1.102,1.08,1.097,0.017,1.5741,262535.11,28796.709,normal,test,,
159302.SZ,2024-11-04,1.097,1.097,1.101,1.085,1.093,-0.004,-0.3646,116726.0,12738.407,normal,test,,
159302.SZ,2024-11-05,1.093,1.095,1.115,1.09,1.114,0.021,1.9213,245815.02,27204.355,normal,test,,
159302.SZ,2024-11-06,1.114,1.115,1.12,1.103,1.106,-0.008,-0.7181,199446.15,22175.565,normal,test,,
159302.SZ,2024-11-07,1.106,1.102,1.13,1.101,1.128,0.022,1.9892,176983.09,19813.522,normal,test,,
159302.SZ,2024-11-08,1.128,1.149,1.149,1.113,1.115,-0.013,-1.1525,137305.0,15421.795,normal,test,,
159302.SZ,2024-11-11,1.115,1.115,1.115,1.096,1.105,-0.01,-0.8969,78007.03,8609.212,normal,test,,
159302.SZ,2024-11-12,1.105,1.104,1.114,1.072,1.077,-0.028,-2.5339,147778.04,16068.838,normal,test,,
159302.SZ,2024-11-13,1.077,1.077,1.089,1.073,1.08,0.003,0.2786,141374.0,15291.449,normal,test,,
159302.SZ,2024-11-14,1.08,1.08,1.088,1.068,1.068,-0.012,-1.1111,106385.46,11434.381,normal,test,,
159302.SZ,2024-11-15,1.068,1.07,1.077,1.068,1.071,0.003,0.2809,34678.38,3720.842,normal,test,,
159302.SZ,2024-11-18,1.071,1.073,1.095,1.073,1.085,0.014,1.3072,57796.0,6279.698,normal,test,,
159302.SZ,2024-11-19,1.085,1.09,1.093,1.078,1.085,0.0,0.0,62648.0,6796.901,normal,test,,
159302.SZ,2024-11-20,1.085,1.084,1.091,1.082,1.088,0.003,0.2765,66976.05,7284.774,normal,test,,
159302.SZ,2024-11-21,1.088,1.088,1.093,1.083,1.089,0.001,0.0919,30021.0,3266.828,normal,test,,
159302.SZ,2024-11-22,1.089,1.089,1.091,1.056,1.056,-0.033,-3.0303,88740.08,9520.68,normal,test,,
159302.SZ,2024-11-25,1.056,1.062,1.067,1.058,1.061,0.005,0.4735,41207.03,4381.138,normal,test,,
159302.SZ,2024-11-26,1.061,1.059,1.062,1.052,1.054,-0.007,-0.6598,30265.13,3194.785,normal,test,,
159302.SZ,2024-11-27,1.054,1.053,1.059,1.045,1.057,0.003,0.2846,53837.02,5656.701,normal,test,,
159302.SZ,2024-11-28,1.057,1.057,1.061,1.046,1.047,-0.01,-0.9461,50178.0,5273.745,normal,test,,
159302.SZ,2024-11-29,1.047,1.049,1.055,1.043,1.046,-0.001,-0.0955,44588.02,4674.486,normal,test,,
159302.SZ,2024-12-02,1.046,1.047,1.063,1.047,1.058,0.012,1.1472,60901.01,6433.15,normal,test,,
159302.SZ,2024-12-03,1.058,1.059,1.078,1.057,1.074,0.016,1.5123,64087.53,6827.331,normal,test,,
159302.SZ,2024-12-04,1.074,1.075,1.083,1.071,1.08,0.006,0.5587,83665.0,9033.554,normal,test,,
159302.SZ,2024-12-05,1.08,1.08,1.081,1.071,1.074,-0.006,-0.5556,42608.0,4578.382,normal,test,,
159302.SZ,2024-12-06,1.074,1.077,1.09,1.077,1.087,0.013,1.2104,66476.0,7223.272,normal,test,,
159302.SZ,2024-12-09,1.087,1.086,1.096,1.083,1.091,0.004,0.368,63404.0,6916.845,normal,test,,
159302.SZ,2024-12-10,1.091,1.124,1.132,1.095,1.096,0.005,0.4583,95884.82,10624.772,normal,test,,
159302.SZ,2024-12-11,1.096,1.099,1.107,1.094,1.097,0.001,0.0912,65582.03,7225.988,normal,test,,
159302.SZ,2024-12-12,1.097,1.097,1.108,1.095,1.105,0.008,0.7293,106964.0,11788.445,normal,test,,
159302.SZ,2024-12-13,1.105,1.1,1.1,1.081,1.085,-0.02,-1.81,50361.0,5475.699,normal,test,,
159302.SZ,2024-12-16,1.085,1.087,1.097,1.087,1.097,0.012,1.106,70700.02,7724.38,normal,test,,
159302.SZ,2024-12-17,1.097,1.099,1.099,1.082,1.086,-0.011,-1.0027,66326.02,7213.7,normal,test,,
159302.SZ,2024-12-18,1.086,1.094,1.095,1.087,1.09,0.004,0.3683,59807.0,6518.968,normal,test,,
159302.SZ,2024-12-19,1.09,1.087,1.088,1.08,1.088,-0.002,-0.1835,47786.0,5180.445,normal,test,,
159302.SZ,2024-12-20,1.088,1.088,1.088,1.072,1.074,-0.014,-1.2868,42359.0,4569.761,normal,test,,
159302.SZ,2024-12-23,1.074,1.077,1.094,1.077,1.09,0.016,1.4898,86928.0,9428.877,normal,test,,
159302.SZ,2024-12-24,1.09,1.089,1.119,1.086,1.114,0.024,2.2018,183334.0,20286.846,normal,test,,
159302.SZ,2024-12-25,1.114,1.115,1.121,1.11,1.114,0.0,0.0,130431.12,14569.895,normal,test,,
159302.SZ,2024-12-26,1.114,1.115,1.122,1.114,1.121,0.007,0.6284,56240.12,6280.337,normal,test,,
159302.SZ,2024-12-27,1.121,1.118,1.118,1.105,1.11,-0.011,-0.9813,79379.08,8807.759,normal,test,,
159302.SZ,2024-12-30,1.11,1.112,1.122,1.11,1.116,0.006,0.5405,92674.0,10346.195,normal,test,,
159302.SZ,2024-12-31,1.116,1.115,1.128,1.115,1.115,-0.001,-0.0896,123106.03,13798.233,normal,test,,
159302.SZ,2025-01-02,1.115,1.132,1.132,1.089,1.089,-0.026,-2.3318,207077.0,22831.979,normal,test,,
159302.SZ,2025-01-03,1.089,1.094,1.109,1.094,1.1,0.011,1.0101,137950.0,15199.274,normal,test,,
159302.SZ,2025-01-06,1.1,1.1,1.11,1.1,1.102,0.002,0.1818,52455.03,5794.625,normal,test,,
159302.SZ,2025-01-07,1.102,1.102,1.102,1.083,1.086,-0.016,-1.4519,75135.0,8190.451,normal,test,,
159302.SZ,2025-01-08,1.086,1.087,1.095,1.077,1.085,-0.001,-0.0921,96415.0,10473.716,normal,test,,
159302.SZ,2025-01-09,1.085,1.084,1.089,1.072,1.074,-0.011,-1.0138,73016.13,7858.613,normal,test,,
159302.SZ,2025-01-10,1.074,1.079,1.08,1.065,1.066,-0.008,-0.7449,93051.13,9965.066,normal,test,,
159302.SZ,2025-01-13,1.066,1.063,1.07,1.058,1.067,0.001,0.0938,58956.0,6280.142,normal,test,,
159302.SZ,2025-01-14,1.067,1.068,1.081,1.068,1.078,0.011,1.0309,92423.0,9948.458,normal,test,,
159302.SZ,2025-01-15,1.078,1.078,1.089,1.075,1.077,-0.001,-0.0928,66420.0,7181.597,normal,test,,
159302.SZ,2025-01-16,1.077,1.08,1.085,1.075,1.081,0.004,0.3714,139020.0,15017.515,normal,test,,
159302.SZ,2025-01-17,1.081,1.081,1.081,1.075,1.075,-0.006,-0.555,98087.0,10566.586,normal,test,,
159302.SZ,2025-01-20,1.075,1.079,1.081,1.069,1.07,-0.005,-0.4651,95143.0,10229.463,normal,test,,
159302.SZ,2025-01-21,1.07,1.075,1.076,1.067,1.073,0.003,0.2804,105812.0,11339.034,normal,test,,
159302.SZ,2025-01-22,1.073,1.072,1.074,1.065,1.066,-0.007,-0.6524,36089.0,3856.381,normal,test,,
159302.SZ,2025-01-23,1.066,1.068,1.082,1.068,1.073,0.007,0.6567,168098.0,18095.033,normal,test,,
159302.SZ,2025-01-24,1.073,1.073,1.081,1.072,1.078,0.005,0.466,75523.0,8134.302,normal,test,,
159302.SZ,2025-01-27,1.078,1.08,1.092,1.08,1.09,0.012,1.1132,139448.0,15178.288,normal,test,,
159302.SZ,2025-02-05,1.09,1.095,1.095,1.081,1.084,-0.006,-0.5505,71119.7,7718.594,normal,test,,
159302.SZ,2025-02-06,1.084,1.083,1.091,1.081,1.09,0.006,0.5535,58352.0,6349.224,normal,test,,
159302.SZ,2025-02-07,1.09,1.09,1.094,1.085,1.089,-0.001,-0.0917,105748.0,11530.232,normal,test,,
159302.SZ,2025-02-10,1.089,1.091,1.099,1.091,1.093,0.004,0.3673,60805.0,6658.275,normal,test,,
159302.SZ,2025-02-11,1.093,1.095,1.1,1.094,1.096,0.003,0.2745,57714.01,6331.818,normal,test,,
159302.SZ,2025-02-12,1.096,1.097,1.109,1.097,1.109,0.013,1.1861,113370.06,12527.962,normal,test,,
159302.SZ,2025-02-13,1.109,1.11,1.112,1.104,1.111,0.002,0.1803,66074.02,7326.106,normal,test,,
159302.SZ,2025-02-14,1.111,1.109,1.109,1.099,1.101,-0.01,-0.9001,80679.0,8900.288,normal,test,,
159302.SZ,2025-02-17,1.101,1.105,1.115,1.103,1.115,0.014,1.2716,98884.02,10977.539,normal,test,,
159302.SZ,2025-02-18,1.115,1.117,1.129,1.113,1.117,0.002,0.1794,70387.0,7888.208,normal,test,,
159302.SZ,2025-02-19,1.117,1.117,1.121,1.111,1.115,-0.002,-0.1791,59050.03,6596.061,normal,test,,
159302.SZ,2025-02-20,1.115,1.116,1.117,1.106,1.111,-0.004,-0.3587,44394.06,4930.655,normal,test,,
159302.SZ,2025-02-21,1.111,1.115,1.123,1.114,1.12,0.009,0.8101,60602.07,6777.409,normal,test,,
159302.SZ,2025-02-24,1.12,1.119,1.126,1.108,1.117,-0.003,-0.2679,48557.04,5431.284,normal,test,,
159302.SZ,2025-02-25,1.117,1.116,1.116,1.103,1.103,-0.014,-1.2534,46570.04,5166.625,normal,test,,
159302.SZ,2025-02-26,1.103,1.106,1.119,1.106,1.116,0.013,1.1786,82093.01,9131.254,normal,test,,
159302.SZ,2025-02-27,1.116,1.116,1.12,1.109,1.118,0.002,0.1792,58732.33,6555.501,normal,test,,
159302.SZ,2025-02-28,1.118,1.113,1.119,1.104,1.107,-0.011,-0.9839,46176.0,5128.018,normal,test,,
159302.SZ,2025-03-03,1.107,1.108,1.121,1.108,1.113,0.006,0.542,79428.33,8857.369,normal,test,,
159302.SZ,2025-03-04,1.113,1.108,1.111,1.102,1.109,-0.004,-0.3594,50323.0,5568.639,normal,test,,
159302.SZ,2025-03-05,1.109,1.109,1.125,1.109,1.123,0.014,1.2624,86434.0,9682.232,normal,test,,
159302.SZ,2025-03-06,1.123,1.13,1.13,1.119,1.123,0.0,0.0,52783.03,5924.015,normal,test,,
159302.SZ,2025-03-07,1.123,1.123,1.131,1.116,1.125,0.002,0.1781,42222.0,4756.072,normal,test,,
159302.SZ,2025-03-10,1.125,1.127,1.132,1.12,1.127,0.002,0.1778,72520.01,8174.44,normal,test,,
159302.SZ,2025-03-11,1.127,1.12,1.129,1.119,1.128,0.001,0.0887,87244.0,9813.234,normal,test,,
159302.SZ,2025-03-12,1.128,1.128,1.134,1.122,1.128,0.0,0.0,49276.0,5561.004,normal,test,,
159302.SZ,2025-03-13,1.128,1.127,1.135,1.122,1.127,-0.001,-0.0887,83402.01,9414.637,normal,test,,
159302.SZ,2025-03-14,1.127,1.13,1.145,1.13,1.142,0.015,1.331,63112.0,7195.703,normal,test,,
159302.SZ,2025-03-17,1.142,1.149,1.151,1.137,1.15,0.008,0.7005,72186.0,8272.654,normal,test,,
159302.SZ,2025-03-18,1.15,1.179,1.179,1.15,1.156,0.006,0.5217,88726.0,10245.391,normal,test,,
159302.SZ,2025-03-19,1.156,1.156,1.16,1.152,1.153,-0.003,-0.2595,95959.0,11096.629,normal,test,,
159302.SZ,2025-03-20,1.153,1.153,1.161,1.15,1.152,-0.001,-0.0867,61601.0,7124.632,normal,test,,
159302.SZ,2025-03-21,1.152,1.148,1.159,1.132,1.137,-0.015,-1.3021,60185.04,6883.967,normal,test,,
159302.SZ,2025-03-24,1.137,1.144,1.155,1.138,1.148,0.011,0.9675,120012.0,13744.931,normal,test,,
159302.SZ,2025-03-25,1.148,1.144,1.145,1.131,1.135,-0.013,-1.1324,65066.0,7391.669,normal,test,,
159302.SZ,2025-03-26,1.135,1.137,1.142,1.129,1.133,-0.002,-0.1762,39557.0,4492.434,normal,test,,
159302.SZ,2025-03-27,1.133,1.131,1.142,1.131,1.136,0.003,0.2648,95489.0,10847.77,normal,test,,
159302.SZ,2025-03-28,1.136,1.137,1.14,1.121,1.127,-0.009,-0.7923,63449.0,7164.594,normal,test,,
159302.SZ,2025-03-31,1.127,1.13,1.138,1.121,1.127,0.0,0.0,106204.02,12012.712,normal,test,,
159302.SZ,2025-04-01,1.127,1.127,1.14,1.127,1.14,0.013,1.1535,88731.0,10073.133,normal,test,,
159302.SZ,2025-04-02,1.14,1.141,1.148,1.135,1.146,0.006,0.5263,105470.0,12060.058,normal,test,,
159302.SZ,2025-04-03,1.146,1.141,1.141,1.126,1.132,-0.014,-1.2216,112116.0,12711.069,normal,test,,
159302.SZ,2025-04-07,1.132,1.08,1.08,1.019,1.021,-0.111,-9.8057,149555.0,15598.557,normal,test,,
159302.SZ,2025-04-08,1.021,1.039,1.054,1.029,1.037,0.016,1.5671,254741.0,26549.963,normal,test,,
159302.SZ,2025-04-09,1.037,1.032,1.044,1.013,1.037,0.0,0.0,188384.0,19380.883,normal,test,,
159302.SZ,2025-04-10,1.037,1.055,1.084,1.055,1.066,0.029,2.7965,276452.0,29661.887,normal,test,,
159302.SZ,2025-04-11,1.066,1.066,1.081,1.057,1.071,0.005,0.469,109703.0,11739.921,normal,test,,
159302.SZ,2025-04-14,1.071,1.083,1.095,1.08,1.094,0.023,2.1475,139090.0,15175.356,normal,test,,
159302.SZ,2025-04-15,1.094,1.099,1.101,1.093,1.1,0.006,0.5484,84735.0,9303.262,normal,test,,
159302.SZ,2025-04-16,1.1,1.097,1.105,1.084,1.09,-0.01,-0.9091,103568.0,11291.288,normal,test,,
159302.SZ,2025-04-17,1.09,1.086,1.101,1.086,1.097,0.007,0.6422,63257.0,6927.628,normal,test,,
159302.SZ,2025-04-18,1.097,1.092,1.109,1.09,1.093,-0.004,-0.3646,281397.0,30879.528,normal,test,,
159302.SZ,2025-04-21,1.093,1.093,1.099,1.092,1.096,0.003,0.2745,65371.05,7157.182,normal,test,,
159302.SZ,2025-04-22,1.096,1.097,1.102,1.093,1.099,0.003,0.2737,70540.0,7738.377,normal,test,,
159302.SZ,2025-04-23,1.099,1.107,1.114,1.101,1.105,0.006,0.546,105634.0,11677.58,normal,test,,
159302.SZ,2025-04-24,1.105,1.104,1.11,1.1,1.103,-0.002,-0.181,58814.0,6496.857,normal,test,,
159302.SZ,2025-04-25,1.103,1.105,1.114,1.105,1.113,0.01,0.9066,91509.0,10162.355,normal,test,,
159302.SZ,2025-04-28,1.113,1.115,1.119,1.104,1.117,0.004,0.3594,57501.0,6403.867,normal,test,,
159302.SZ,2025-04-29,1.117,1.119,1.12,1.108,1.11,-0.007,-0.6267,40158.0,4474.571,normal,test,,
159302.SZ,2025-04-30,1.11,1.11,1.114,1.1,1.107,-0.003,-0.2703,52341.0,5783.554,normal,test,,
159302.SZ,2025-05-06,1.107,1.111,1.115,1.103,1.114,0.007,0.6323,63826.0,7078.201,,,,
159302.SZ,2025-05-07,1.114,1.119,1.133,1.119,1.132,0.018,1.6158,108354.0,12225.173,,,,
159302.SZ,2025-05-08,1.132,1.131,1.132,1.122,1.124,-0.008,-0.7067,65837.0,7416.44,,,,
159302.SZ,2025-05-09,1.124,1.122,1.133,1.12,1.132,0.008,0.7117,45756.0,5172.024,,,,
159302.SZ,2025-05-12,1.132,1.132,1.145,1.132,1.139,0.007,0.6184,73241.0,8337.655,,,,
159302.SZ,2025-05-13,1.139,1.144,1.154,1.14,1.15,0.011,0.9658,95550.0,10981.17,,,,
159302.SZ,2025-05-14,1.15,1.155,1.184,1.154,1.174,0.024,2.087,172517.01,20172.851,,,,
159302.SZ,2025-05-15,1.174,1.174,1.187,1.166,1.17,-0.004,-0.3407,97142.0,11416.289,,,,
159302.SZ,2025-05-16,1.17,1.167,1.171,1.159,1.17,0.0,0.0,39840.0,4641.137,,,,
159302.SZ,2025-05-19,1.17,1.17,1.177,1.166,1.173,0.003,0.2564,100077.0,11734.175,,,,
159302.SZ,2025-05-20,1.173,1.177,1.191,1.177,1.191,0.018,1.5345,112805.02,13385.669,,,,
159302.SZ,2025-05-21,1.191,1.191,1.307,1.173,1.197,0.006,0.5038,273790.01,32745.47,,,,
159302.SZ,2025-05-22,1.197,1.199,1.203,1.193,1.197,0.0,0.0,112841.0,13537.322,,,,
159302.SZ,2025-05-23,1.197,1.198,1.205,1.193,1.195,-0.002,-0.1671,115281.0,13825.574,,,,
159302.SZ,2025-05-26,1.195,1.195,1.207,1.189,1.197,0.002,0.1674,124354.0,14909.327,,,,
159302.SZ,2025-05-27,1.197,1.196,1.203,1.19,1.193,-0.004,-0.3342,101924.0,12181.265,,,,
159302.SZ,2025-05-28,1.193,1.195,1.202,1.191,1.198,0.005,0.4191,117731.0,14109.166,,,,
159302.SZ,2025-05-29,1.198,1.203,1.217,1.198,1.202,0.004,0.3339,105098.0,12629.092,,,,
159302.SZ,2025-05-30,1.202,1.201,1.205,1.194,1.198,-0.004,-0.3328,85071.0,10194.65,,,,
159302.SZ,2025-06-03,1.198,1.197,1.208,1.19,1.202,0.004,0.3339,105128.0,12626.513,,,,
159302.SZ,2025-06-04,1.202,1.2,1.205,1.2,1.204,0.002,0.1664,47245.08,5682.565,,,,
159302.SZ,2025-06-05,1.204,1.207,1.207,1.195,1.199,-0.005,-0.4153,103457.08,12425.55,,,,
159302.SZ,2025-06-06,1.199,1.199,1.207,1.198,1.205,0.006,0.5004,129640.0,15594.736,,,,
159302.SZ,2025-06-09,1.205,1.206,1.207,1.2,1.206,0.001,0.083,143804.0,17328.346,,,,
159302.SZ,2025-06-10,1.206,1.208,1.229,1.206,1.227,0.021,1.7413,257167.02,31398.276,,,,
159302.SZ,2025-06-11,1.227,1.228,1.242,1.227,1.241,0.014,1.141,145442.0,18002.898,,,,
159302.SZ,2025-06-12,1.241,1.24,1.245,1.237,1.241,0.0,0.0,100628.0,12485.431,,,,
159302.SZ,2025-06-13,1.241,1.24,1.257,1.238,1.254,0.013,1.0475,189811.02,23744.499,,,,
159302.SZ,2025-06-16,1.254,1.254,1.258,1.247,1.258,0.004,0.319,167261.0,20936.85,,,,
159302.SZ,2025-06-17,1.258,1.267,1.267,1.251,1.256,-0.002,-0.159,118341.0,14876.828,,,,
159302.SZ,2025-06-18,1.256,1.257,1.263,1.246,1.249,-0.007,-0.5573,90991.0,11404.822,,,,
159302.SZ,2025-06-19,1.249,1.249,1.252,1.22,1.225,-0.024,-1.9215,234071.0,28775.152,,,,
159302.SZ,2025-06-20,1.225,1.229,1.248,1.22,1.241,0.016,1.3061,116629.68,14448.697,,,,
159302.SZ,2025-06-23,1.241,1.235,1.252,1.234,1.252,0.011,0.8864,132339.0,16468.92,,,,
159302.SZ,2025-06-24,1.252,1.25,1.261,1.245,1.261,0.009,0.7188,168766.0,21176.654,,,,
159302.SZ,2025-06-25,1.261,1.261,1.262,1.25,1.259,-0.002,-0.1586,187299.0,23523.631,,,,
159302.SZ,2025-06-26,1.259,1.256,1.257,1.252,1.254,-0.005,-0.3971,74857.0,9390.412,,,,
159302.SZ,2025-06-27,1.254,1.256,1.258,1.239,1.244,-0.01,-0.7974,143085.0,17848.139,,,,
159302.SZ,2025-06-30,1.244,1.246,1.246,1.233,1.241,-0.003,-0.2412,78540.0,9728.79,,,,
159302.SZ,2025-07-01,1.241,1.24,1.244,1.239,1.243,0.002,0.1612,52184.44,6484.423,,,,
159302.SZ,2025-07-02,1.243,1.244,1.269,1.244,1.263,0.02,1.609,551835.0,69575.896,,,,
159302.SZ,2025-07-03,1.263,1.264,1.269,1.252,1.262,-0.001,-0.0792,151763.0,19113.96,,,,
159302.SZ,2025-07-04,1.262,1.26,1.264,1.254,1.258,-0.004,-0.317,165858.0,20885.551,,,,
159302.SZ,2025-07-07,1.258,1.258,1.261,1.255,1.259,0.001,0.0795,113722.0,14303.801,,,,
159302.SZ,2025-07-08,1.259,1.263,1.266,1.255,1.258,-0.001,-0.0794,139548.0,17567.682,,,,
159302.SZ,2025-07-09,1.258,1.259,1.262,1.253,1.259,0.001,0.0795,123419.0,15534.975,,,,
159302.SZ,2025-07-10,1.259,1.26,1.279,1.256,1.279,0.02,1.5886,213068.0,27107.14,,,,
159302.SZ,2025-07-11,1.279,1.279,1.302,1.279,1.289,0.01,0.7819,155303.01,20090.22,,,,
159302.SZ,2025-07-14,1.289,1.29,1.304,1.289,1.294,0.005,0.3879,123049.01,15962.574,,,,
159302.SZ,2025-07-15,1.294,1.295,1.301,1.281,1.288,-0.006,-0.4637,137083.0,17668.7,,,,
159302.SZ,2025-07-16,1.288,1.289,1.297,1.285,1.292,0.004,0.3106,167561.05,21617.408,,,,
159302.SZ,2025-07-17,1.292,1.292,1.295,1.282,1.284,-0.008,-0.6192,91746.0,11795.444,,,,
159302.SZ,2025-07-18,1.284,1.286,1.289,1.282,1.287,0.003,0.2336,133781.0,17210.472,,,,
159302.SZ,2025-07-21,1.287,1.29,1.31,1.29,1.309,0.022,1.7094,116560.0,15190.875,,,,
159302.SZ,2025-07-22,1.309,1.32,1.329,1.301,1.322,0.013,0.9931,267887.01,35241.631,,,,
159302.SZ,2025-07-23,1.322,1.333,1.339,1.324,1.33,0.008,0.6051,140916.0,18731.392,,,,
159302.SZ,2025-07-24,1.33,1.33,1.343,1.325,1.342,0.012,0.9023,87042.0,11641.859,,,,
159302.SZ,2025-07-25,1.342,1.35,1.352,1.336,1.341,-0.001,-0.0745,76504.0,10285.099,,,,
159302.SZ,2025-07-28,1.341,1.341,1.347,1.332,1.337,-0.004,-0.2983,124165.02,16630.09,,,,
159302.SZ,2025-07-29,1.337,1.337,1.34,1.324,1.333,-0.004,-0.2992,101282.08,13460.58,,,,
159302.SZ,2025-07-30,1.333,1.33,1.346,1.329,1.337,0.004,0.3001,172185.0,23073.095,,,,
159302.SZ,2025-07-31,1.337,1.338,1.339,1.31,1.311,-0.026,-1.9447,157433.0,20758.392,,,,
159302.SZ,2025-08-01,1.311,1.312,1.321,1.303,1.308,-0.003,-0.2288,91153.0,11963.794,,,,
159302.SZ,2025-08-04,1.308,1.309,1.31,1.29,1.309,0.001,0.0765,61595.01,8022.575,,,,
159302.SZ,2025-08-05,1.309,1.312,1.325,1.311,1.324,0.015,1.1459,61203.0,8062.558,,,,
159302.SZ,2025-08-06,1.324,1.326,1.337,1.325,1.329,0.005,0.3776,39520.0,5256.778,,,,
159302.SZ,2025-08-07,1.329,1.329,1.336,1.322,1.336,0.007,0.5267,70980.01,9449.256,,,,
159302.SZ,2025-08-08,1.336,1.336,1.341,1.332,1.338,0.002,0.1497,83780.0,11210.597,,,,
159302.SZ,2025-08-11,1.338,1.34,1.341,1.328,1.334,-0.004,-0.299,45193.0,6025.039,,,,
159302.SZ,2025-08-12,1.334,1.332,1.351,1.331,1.349,0.015,1.1244,104451.0,14058.988,,,,
159302.SZ,2025-08-13,1.349,1.352,1.357,1.347,1.351,0.002,0.1483,99545.0,13442.16,,,,
159302.SZ,2025-08-14,1.351,1.352,1.362,1.343,1.349,-0.002,-0.148,135809.0,18378.688,,,,
159302.SZ,2025-08-15,1.349,1.349,1.349,1.338,1.346,-0.003,-0.2224,74957.0,10069.706,,,,
159302.SZ,2025-08-18,1.346,1.343,1.352,1.342,1.344,-0.002,-0.1486,105300.0,14171.461,,,,
159302.SZ,2025-08-19,1.344,1.344,1.345,1.337,1.338,-0.006,-0.4464,63376.0,8501.07,,,,
159302.SZ,2025-08-20,1.338,1.336,1.337,1.325,1.337,-0.001,-0.0747,61675.0,8215.552,,,,
159302.SZ,2025-08-21,1.337,1.333,1.346,1.333,1.341,0.004,0.2992,45820.0,6145.479,,,,
159302.SZ,2025-08-22,1.341,1.341,1.345,1.332,1.335,-0.006,-0.4474,40450.0,5400.912,,,,
159302.SZ,2025-08-25,1.335,1.337,1.347,1.337,1.342,0.007,0.5243,79267.0,10630.386,,,,
159302.SZ,2025-08-26,1.342,1.341,1.342,1.33,1.331,-0.011,-0.8197,43884.0,5859.663,,,,
159302.SZ,2025-08-27,1.331,1.331,1.333,1.309,1.31,-0.021,-1.5778,71322.0,9426.649,,,,
159302.SZ,2025-08-28,1.31,1.31,1.324,1.309,1.32,0.01,0.7634,97653.0,12865.372,,,,
159302.SZ,2025-08-29,1.32,1.32,1.327,1.307,1.309,-0.011,-0.8333,142055.0,18677.476,,,,
159302.SZ,2025-09-01,1.309,1.31,1.31,1.301,1.303,-0.006,-0.4584,103148.0,13453.59,,,,
159302.SZ,2025-09-02,1.303,1.303,1.31,1.297,1.304,0.001,0.0767,129272.0,16871.361,,,,
159302.SZ,2025-09-03,1.304,1.302,1.309,1.293,1.295,-0.009,-0.6902,58872.0,7647.745,,,,
159302.SZ,2025-09-04,1.295,1.297,1.302,1.279,1.289,-0.006,-0.4633,108101.0,13911.089,,,,
159302.SZ,2025-09-05,1.289,1.29,1.306,1.287,1.304,0.015,1.1637,104622.14,13558.625,,,,
159302.SZ,2025-09-08,1.304,1.305,1.313,1.296,1.313,0.009,0.6902,71310.0,9329.275,,,,
159302.SZ,2025-09-09,1.313,1.313,1.321,1.308,1.317,0.004,0.3046,97627.0,12844.791,,,,
159302.SZ,2025-09-10,1.317,1.313,1.336,1.313,1.333,0.016,1.2149,78411.0,10423.408,,,,
159302.SZ,2025-09-11,1.333,1.333,1.34,1.327,1.338,0.005,0.3751,66381.0,8862.111,,,,
159302.SZ,2025-09-12,1.338,1.342,1.346,1.332,1.333,-0.005,-0.3737,76701.0,10250.035,,,,
159302.SZ,2025-09-15,1.333,1.333,1.337,1.327,1.332,-0.001,-0.075,61803.0,8228.562,,,,
159302.SZ,2025-09-16,1.332,1.332,1.34,1.321,1.324,-0.008,-0.6006,65136.0,8646.096,,,,
159302.SZ,2025-09-17,1.324,1.324,1.33,1.32,1.325,0.001,0.0755,65686.0,8700.196,,,,
159302.SZ,2025-09-18,1.325,1.329,1.33,1.3,1.303,-0.022,-1.6604,92638.0,12155.867,,,,
159302.SZ,2025-09-19,1.303,1.303,1.314,1.303,1.31,0.007,0.5372,94041.0,12313.565,,,,
159302.SZ,2025-09-22,1.31,1.305,1.314,1.287,1.291,-0.019,-1.4504,72545.0,9376.46,,,,
159302.SZ,2025-09-23,1.291,1.291,1.294,1.281,1.283,-0.008,-0.6197,69593.0,8942.97,,,,
159302.SZ,2025-09-24,1.283,1.287,1.294,1.281,1.284,0.001,0.0779,59701.0,7677.775,,,,
159302.SZ,2025-09-25,1.284,1.285,1.288,1.271,1.272,-0.012,-0.9346,38191.0,4873.589,,,,
159302.SZ,2025-09-26,1.272,1.272,1.282,1.263,1.282,0.01,0.7862,79542.0,10145.603,,,,
159302.SZ,2025-09-29,1.282,1.283,1.287,1.272,1.284,0.002,0.156,59624.0,7634.745,,,,
159302.SZ,2025-09-30,1.284,1.283,1.289,1.277,1.283,-0.001,-0.0779,37989.0,4866.108,,,,
159302.SZ,2025-10-09,1.283,1.283,1.283,1.27,1.283,0.0,0.0,61371.0,7832.019,,,,
159302.SZ,2025-10-10,1.283,1.283,1.295,1.276,1.287,0.004,0.3118,120825.0,15572.689,,,,
159302.SZ,2025-10-13,1.287,1.267,1.282,1.261,1.275,-0.012,-0.9324,72879.0,9268.015,,,,
159302.SZ,2025-10-14,1.275,1.28,1.308,1.28,1.289,0.014,1.098,185010.0,24010.754,,,,
159302.SZ,2025-10-15,1.289,1.294,1.31,1.292,1.31,0.021,1.6292,141848.0,18469.632,,,,
159302.SZ,2025-10-16,1.31,1.31,1.327,1.302,1.327,0.017,1.2977,106869.0,14126.726,,,,
159302.SZ,2025-10-17,1.327,1.331,1.338,1.309,1.312,-0.015,-1.1304,124624.0,16486.885,,,,
159302.SZ,2025-10-20,1.312,1.323,1.328,1.315,1.324,0.012,0.9146,61987.0,8186.876,,,,
159302.SZ,2025-10-21,1.324,1.321,1.333,1.321,1.326,0.002,0.1511,62321.0,8279.807,,,,
159302.SZ,2025-10-22,1.326,1.327,1.331,1.313,1.322,-0.004,-0.3017,52814.0,6966.912,,,,
159302.SZ,2025-10-23,1.322,1.322,1.338,1.322,1.335,0.013,0.9834,97543.0,12989.109,,,,
159302.SZ,2025-10-24,1.335,1.335,1.341,1.33,1.339,0.004,0.2996,84162.02,11243.522,,,,
159302.SZ,2025-10-27,1.339,1.342,1.351,1.336,1.347,0.008,0.5975,121159.0,16297.788,,,,
159302.SZ,2025-10-28,1.347,1.348,1.352,1.338,1.345,-0.002,-0.1485,59587.0,8001.479,,,,
159302.SZ,2025-10-29,1.345,1.345,1.353,1.343,1.345,0.0,0.0,66969.0,9005.169,,,,
159302.SZ,2025-10-30,1.345,1.348,1.355,1.338,1.345,0.0,0.0,156787.0,21124.819,,,,
159302.SZ,2025-10-31,1.345,1.347,1.35,1.335,1.335,-0.01,-0.7435,101601.0,13630.395,,,,
159302.SZ,2025-11-03,1.335,1.332,1.366,1.332,1.365,0.03,2.2472,209541.0,28413.117,,,,
159302.SZ,2025-11-04,1.365,1.367,1.38,1.359,1.361,-0.004,-0.293,246106.0,33793.74,,,,
159302.SZ,2025-11-05,1.361,1.363,1.368,1.349,1.366,0.005,0.3674,206499.0,27993.177,,,,
159302.SZ,2025-11-06,1.366,1.367,1.385,1.367,1.385,0.019,1.3909,206261.0,28456.252,,,,
159302.SZ,2025-11-07,1.385,1.389,1.394,1.381,1.39,0.005,0.361,152201.0,21140.192,,,,
159302.SZ,2025-11-10,1.39,1.39,1.408,1.39,1.406,0.016,1.1511,161199.0,22616.444,,,,
159302.SZ,2025-11-11,1.406,1.413,1.417,1.396,1.405,-0.001,-0.0711,89693.0,12601.487,,,,
159302.SZ,2025-11-12,1.405,1.413,1.431,1.41,1.431,0.026,1.8505,71751.0,10204.601,,,,
159302.SZ,2025-11-13,1.431,1.433,1.433,1.41,1.422,-0.009,-0.6289,163270.0,23168.802,,,,
159302.SZ,2025-11-14,1.422,1.423,1.423,1.4,1.402,-0.02,-1.4065,101354.0,14263.044,,,,
159302.SZ,2025-11-17,1.402,1.39,1.4,1.382,1.386,-0.016,-1.1412,86457.0,12013.889,,,,
159302.SZ,2025-11-18,1.386,1.386,1.39,1.36,1.364,-0.022,-1.5873,94053.0,12883.706,,,,
159302.SZ,2025-11-19,1.364,1.364,1.379,1.364,1.372,0.008,0.5865,113249.0,15533.047,,,,
159302.SZ,2025-11-20,1.372,1.379,1.38,1.364,1.367,-0.005,-0.3644,177798.0,24388.719,,,,
159302.SZ,2025-11-21,1.367,1.364,1.364,1.34,1.342,-0.025,-1.8288,162899.0,21928.37,,,,
159302.SZ,2025-11-24,1.342,1.336,1.353,1.334,1.339,-0.003,-0.2235,109804.02,14700.037,,,,
159302.SZ,2025-11-25,1.339,1.341,1.354,1.341,1.349,0.01,0.7468,103759.0,13995.081,,,,
159302.SZ,2025-11-26,1.349,1.355,1.359,1.346,1.349,0.0,0.0,73128.0,9872.377,,,,
159302.SZ,2025-11-27,1.349,1.353,1.355,1.341,1.347,-0.002,-0.1483,99093.0,13372.136,,,,
159302.SZ,2025-11-28,1.347,1.35,1.351,1.337,1.338,-0.009,-0.6682,74109.0,9933.933,,,,
159302.SZ,2025-12-01,1.338,1.336,1.35,1.336,1.35,0.012,0.8969,176511.01,23715.866,,,,
159302.SZ,2025-12-02,1.35,1.353,1.365,1.352,1.359,0.009,0.6667,221031.0,30026.403,,,,
159302.SZ,2025-12-03,1.359,1.361,1.363,1.348,1.35,-0.009,-0.6623,142900.0,19359.998,,,,
159302.SZ,2025-12-04,1.35,1.354,1.36,1.353,1.36,0.01,0.7407,125685.0,17047.898,,,,
159302.SZ,2025-12-05,1.36,1.364,1.364,1.35,1.36,0.0,0.0,130908.0,17745.696,,,,
159302.SZ,2025-12-08,1.36,1.363,1.364,1.348,1.351,-0.009,-0.6618,99881.0,13503.387,,,,
159302.SZ,2025-12-09,1.351,1.352,1.352,1.328,1.329,-0.022,-1.6284,143060.0,19112.315,,,,
159302.SZ,2025-12-10,1.329,1.332,1.332,1.306,1.311,-0.018,-1.3544,176917.0,23219.877,,,,
159302.SZ,2025-12-11,1.311,1.312,1.326,1.309,1.309,-0.002,-0.1526,145420.0,19131.271,,,,
159302.SZ,2025-12-12,1.309,1.315,1.321,1.311,1.319,0.01,0.7639,143241.02,18858.283,,,,
159302.SZ,2025-12-15,1.319,1.32,1.327,1.311,1.324,0.005,0.3791,98741.0,13057.214,,,,
159302.SZ,2025-12-16,1.324,1.325,1.325,1.29,1.291,-0.033,-2.4924,172294.0,22407.119,,,,
159302.SZ,2025-12-17,1.291,1.291,1.294,1.285,1.291,0.0,0.0,106305.0,13719.657,,,,
159302.SZ,2025-12-18,1.291,1.291,1.295,1.286,1.294,0.003,0.2324,108767.0,14040.727,,,,
159302.SZ,2025-12-19,1.294,1.298,1.306,1.289,1.293,-0.001,-0.0773,187894.0,24302.297,,,,
159302.SZ,2025-12-22,1.293,1.292,1.295,1.286,1.288,-0.005,-0.3867,122898.0,15832.02,,,,
159302.SZ,2025-12-23,1.288,1.289,1.3,1.289,1.291,0.003,0.2329,102522.0,13266.357,,,,
159302.SZ,2025-12-24,1.291,1.292,1.294,1.285,1.286,-0.005,-0.3873,97953.0,12611.291,,,,
159302.SZ,2025-12-25,1.286,1.287,1.287,1.285,1.286,0.0,0.0,29309.0,3767.493,,,,
159302.SZ,2025-12-26,1.286,1.287,1.29,1.284,1.286,0.0,0.0,45012.0,5793.459,,,,
159302.SZ,2025-12-29,1.286,1.286,1.289,1.273,1.278,-0.008,-0.6221,135585.0,17356.799,,,,
159302.SZ,2025-12-30,1.278,1.278,1.287,1.275,1.281,0.003,0.2347,78836.01,10101.063,,,,
159302.SZ,2025-12-31,1.281,1.282,1.282,1.269,1.27,-0.011,-0.8587,54371.0,6916.78,,,,
159302.SZ,2026-01-05,1.27,1.27,1.277,1.266,1.269,-0.001,-0.0787,120011.0,15232.168,,,,
159302.SZ,2026-01-06,1.269,1.271,1.279,1.268,1.279,0.01,0.788,149774.0,19089.918,,,,
159302.SZ,2026-01-07,1.279,1.28,1.285,1.273,1.275,-0.004,-0.3127,134025.0,17108.241,,,,
159302.SZ,2026-01-08,1.275,1.275,1.279,1.266,1.268,-0.007,-0.549,123525.0,15674.275,,,,
159302.SZ,2026-01-09,1.268,1.27,1.275,1.269,1.274,0.006,0.4732,107485.0,13678.616,,,,
159302.SZ,2026-01-12,1.274,1.277,1.278,1.266,1.271,-0.003,-0.2355,80579.0,10226.297,,,,
159302.SZ,2026-01-13,1.271,1.275,1.289,1.275,1.281,0.01,0.7868,229688.0,29435.596,,,,
159302.SZ,2026-01-14,1.281,1.285,1.287,1.274,1.277,-0.004,-0.3123,258700.0,33073.699,,,,
159302.SZ,2026-01-15,1.277,1.277,1.292,1.277,1.283,0.006,0.4699,159967.0,20547.904,,,,
159302.SZ,2026-01-16,1.283,1.287,1.289,1.268,1.268,-0.015,-1.1691,133669.02,17059.469,,,,
159302.SZ,2026-01-19,1.268,1.268,1.274,1.258,1.259,-0.009,-0.7098,173111.81,21875.724,,,,
159302.SZ,2026-01-20,1.259,1.26,1.27,1.256,1.265,0.006,0.4766,106965.0,13512.619,,,,
159302.SZ,2026-01-21,1.265,1.27,1.272,1.261,1.263,-0.002,-0.1581,139822.0,17731.237,,,,
159302.SZ,2026-01-22,1.263,1.264,1.284,1.264,1.28,0.017,1.346,125358.0,16026.607,,,,
159302.SZ,2026-01-23,1.28,1.282,1.288,1.272,1.274,-0.006,-0.4688,76945.0,9818.034,,,,
159302.SZ,2026-01-26,1.274,1.272,1.288,1.269,1.284,0.01,0.7849,127698.0,16349.01,,,,
159302.SZ,2026-01-27,1.284,1.286,1.296,1.286,1.293,0.009,0.7009,176131.0,22749.226,,,,
159302.SZ,2026-01-28,1.293,1.297,1.325,1.297,1.322,0.029,2.2428,281833.0,37090.996,,,,
159302.SZ,2026-01-29,1.322,1.32,1.341,1.315,1.339,0.017,1.2859,279917.0,37348.984,,,,
159302.SZ,2026-01-30,1.339,1.346,1.349,1.316,1.322,-0.017,-1.2696,207012.0,27482.898,,,,
159302.SZ,2026-02-02,1.322,1.32,1.32,1.286,1.29,-0.032,-2.4206,142959.0,18509.684,,,,
159302.SZ,2026-02-03,1.29,1.299,1.316,1.298,1.312,0.022,1.7054,202001.0,26415.628,,,,
159302.SZ,2026-02-04,1.312,1.312,1.332,1.308,1.332,0.02,1.5244,250432.0,33119.661,,,,
159302.SZ,2026-02-05,1.332,1.332,1.332,1.313,1.326,-0.006,-0.4505,108233.0,14322.091,,,,
159302.SZ,2026-02-06,1.326,1.326,1.333,1.312,1.328,0.002,0.1508,144715.0,19190.497,,,,
159302.SZ,2026-02-09,1.328,1.336,1.345,1.335,1.341,0.013,0.9789,102965.0,13800.585,,,,
159302.SZ,2026-02-10,1.341,1.341,1.347,1.337,1.347,0.006,0.4474,94812.0,12730.404,,,,
159302.SZ,2026-02-11,1.347,1.348,1.35,1.338,1.35,0.003,0.2227,70256.0,9449.027,,,,
159302.SZ,2026-02-12,1.35,1.357,1.359,1.347,1.349,-0.001,-0.0741,46274.0,6250.038,,,,
159302.SZ,2026-02-13,1.349,1.345,1.345,1.333,1.339,-0.01,-0.7413,79336.0,10617.929,,,,
159302.SZ,2026-02-24,1.339,1.346,1.365,1.346,1.361,0.022,1.643,78109.0,10623.133,,,,
159302.SZ,2026-02-25,1.361,1.364,1.372,1.357,1.361,0.0,0.0,89141.0,12172.585,,,,
159302.SZ,2026-02-26,1.361,1.36,1.37,1.347,1.351,-0.01,-0.7348,78057.0,10554.573,,,,
159302.SZ,2026-02-27,1.351,1.359,1.359,1.34,1.355,0.004,0.2961,59900.0,8086.223,,,,
159302.SZ,2026-03-02,1.355,1.371,1.371,1.341,1.359,0.004,0.2952,88677.0,12007.323,,,,
159302.SZ,2026-03-03,1.359,1.359,1.378,1.353,1.36,0.001,0.0736,207470.0,28329.939,,,,
159302.SZ,2026-03-04,1.36,1.359,1.36,1.326,1.337,-0.023,-1.6912,90915.0,12150.376,,,,
159302.SZ,2026-03-05,1.337,1.339,1.362,1.339,1.35,0.013,0.9723,145611.0,19702.715,,,,
159302.SZ,2026-03-06,1.35,1.346,1.363,1.339,1.363,0.013,0.963,68478.0,9272.148,,,,
159302.SZ,2026-03-09,1.363,1.362,1.362,1.342,1.346,-0.017,-1.2472,97583.02,13163.095,,,,
159302.SZ,2026-03-10,1.346,1.35,1.357,1.346,1.349,0.003,0.2229,40881.0,5525.693,,,,
159302.SZ,2026-03-11,1.349,1.35,1.361,1.341,1.36,0.011,0.8154,85040.0,11502.714,,,,
159302.SZ,2026-03-12,1.36,1.36,1.365,1.349,1.36,0.0,0.0,58182.0,7904.708,,,,
159302.SZ,2026-03-13,1.36,1.36,1.36,1.338,1.34,-0.02,-1.4706,38533.0,5181.129,,,,
159302.SZ,2026-03-16,1.34,1.34,1.354,1.334,1.347,0.007,0.5224,77173.0,10351.17,,,,
159302.SZ,2026-03-17,1.347,1.347,1.361,1.346,1.348,0.001,0.0742,68716.0,9286.02,,,,
159302.SZ,2026-03-18,1.348,1.352,1.355,1.34,1.352,0.004,0.2967,57055.0,7694.831,,,,
159302.SZ,2026-03-19,1.352,1.35,1.354,1.34,1.341,-0.011,-0.8136,49441.0,6660.912,,,,
159302.SZ,2026-03-20,1.341,1.345,1.35,1.337,1.344,0.003,0.2237,43284.0,5822.597,,,,
159302.SZ,2026-03-23,1.344,1.332,1.344,1.303,1.303,-0.041,-3.0506,98286.0,12923.932,,,,
159302.SZ,2026-03-24,1.303,1.32,1.334,1.314,1.334,0.031,2.3791,171532.0,22699.446,,,,
159302.SZ,2026-03-25,1.334,1.334,1.339,1.324,1.335,0.001,0.075,55828.0,7443.608,,,,
159302.SZ,2026-03-26,1.335,1.338,1.344,1.332,1.335,0.0,0.0,44137.0,5906.788,,,,
159302.SZ,2026-03-27,1.335,1.333,1.345,1.322,1.34,0.005,0.3745,48412.0,6468.747,,,,
159302.SZ,2026-03-30,1.34,1.34,1.342,1.326,1.339,-0.001,-0.0746,80001.0,10680.936,,,,
159302.SZ,2026-03-31,1.339,1.337,1.345,1.317,1.318,-0.021,-1.5683,37371.0,4952.734,,,,
159302.SZ,2026-04-01,1.318,1.325,1.342,1.325,1.337,0.019,1.4416,48797.0,6525.098,,,,
159302.SZ,2026-04-02,1.337,1.339,1.341,1.33,1.332,-0.005,-0.374,42356.0,5645.861,,,,
159302.SZ,2026-04-03,1.332,1.333,1.344,1.332,1.334,0.002,0.1502,32519.0,4341.615,,,,
159302.SZ,2026-04-07,1.334,1.336,1.341,1.334,1.335,0.001,0.075,9347.0,1250.422,,,,
159302.SZ,2026-04-08,1.335,1.341,1.343,1.332,1.342,0.007,0.5243,47114.0,6306.804,,,,
159302.SZ,2026-04-09,1.342,1.342,1.344,1.335,1.341,-0.001,-0.0745,28005.01,3752.557,,,,
159302.SZ,2026-04-10,1.341,1.345,1.354,1.341,1.35,0.009,0.6711,31666.0,4274.605,,,,
159302.SZ,2026-04-13,1.35,1.35,1.351,1.341,1.348,-0.002,-0.1481,28501.0,3837.43,,,,
159302.SZ,2026-04-14,1.348,1.353,1.36,1.348,1.355,0.007,0.5193,28204.0,3812.318,,,,
159302.SZ,2026-04-15,1.355,1.355,1.355,1.343,1.346,-0.009,-0.6642,21583.0,2905.42,,,,
159302.SZ,2026-04-16,1.346,1.347,1.349,1.343,1.348,0.002,0.1486,69190.0,9315.098,,,,
159302.SZ,2026-04-17,1.348,1.343,1.348,1.339,1.34,-0.008,-0.5935,20985.0,2813.832,,,,
159302.SZ,2026-04-20,1.34,1.339,1.344,1.334,1.341,0.001,0.0746,17089.0,2288.796,,,,
159302.SZ,2026-04-21,1.341,1.341,1.359,1.341,1.358,0.017,1.2677,69558.0,9416.918,,,,
159302.SZ,2026-04-22,1.358,1.358,1.358,1.343,1.345,-0.013,-0.9573,55989.05,7536.466,,,,
159302.SZ,2026-04-23,1.345,1.344,1.351,1.342,1.348,0.003,0.223,34531.0,4652.682,,,,
159302.SZ,2026-04-24,1.348,1.352,1.352,1.341,1.348,0.0,0.0,30333.0,4084.286,,,,
159302.SZ,2026-04-27,1.348,1.348,1.352,1.342,1.344,-0.004,-0.2967,65729.0,8847.781,,,,
159302.SZ,2026-04-28,1.344,1.344,1.347,1.332,1.347,0.003,0.2232,47645.0,6392.373,,,,
159302.SZ,2026-04-29,1.347,1.348,1.368,1.348,1.368,0.021,1.559,132538.0,18017.664,,,,
159302.SZ,2026-04-30,1.368,1.368,1.368,1.347,1.348,-0.02,-1.462,71148.0,9647.114,,,,
159302.SZ,2026-05-06,1.348,1.349,1.351,1.337,1.349,0.001,0.0742,71677.0,9626.326,,,,
159302.SZ,2026-05-07,1.349,1.36,1.36,1.342,1.345,-0.004,-0.2965,69664.0,9385.023,,,,
159302.SZ,2026-05-08,1.345,1.346,1.346,1.336,1.341,-0.004,-0.2974,51639.0,6911.761,,,,
159302.SZ,2026-05-11,1.341,1.341,1.348,1.339,1.347,0.006,0.4474,59115.0,7938.618,,,,
159302.SZ,2026-05-12,1.347,1.364,1.364,1.347,1.355,0.008,0.5939,62219.0,8416.516,,,,
159302.SZ,2026-05-13,1.355,1.359,1.359,1.347,1.349,-0.006,-0.4428,82733.0,11161.123,,,,
159302.SZ,2026-05-14,1.349,1.35,1.354,1.342,1.344,-0.005,-0.3706,59159.0,7963.834,,,,
159302.SZ,2026-05-15,1.344,1.345,1.345,1.335,1.339,-0.005,-0.372,68533.0,9191.76,,,,
159302.SZ,,1.344,1.345,1.345,1.335,1.339,-0.005,-0.372,,9191.76,,,20260515.0,68533.0
