date,open,close,high,low,volume
2020-01-02,1.743,1.765,1.771,1.731,338082532.0
2020-01-03,1.766,1.764,1.774,1.751,274686029.0
2020-01-06,1.756,1.788,1.806,1.753,416699155.0
2020-01-07,1.792,1.822,1.823,1.792,394559043.0
2020-01-08,1.808,1.792,1.822,1.789,495910739.0
2020-01-09,1.811,1.839,1.842,1.811,447568934.0
2020-01-10,1.847,1.831,1.847,1.821,354645101.0
2020-01-13,1.834,1.862,1.862,1.82,440077186.0
2020-01-14,1.864,1.85,1.871,1.849,380667971.0
2020-01-15,1.848,1.847,1.856,1.829,262788293.0
2020-01-16,1.851,1.856,1.863,1.842,270307332.0
2020-01-17,1.861,1.858,1.874,1.853,299122520.0
2020-01-20,1.862,1.905,1.911,1.861,415155529.0
2020-01-21,1.9,1.892,1.911,1.881,533401882.0
2020-01-22,1.882,1.918,1.93,1.852,490221281.0
2020-01-23,1.892,1.853,1.918,1.829,652327882.0
2020-02-03,1.67,1.708,1.766,1.669,1022628043.0
2020-02-04,1.716,1.816,1.82,1.715,695557569.0
2020-02-05,1.833,1.871,1.896,1.818,623023768.0
2020-02-06,1.855,1.93,1.94,1.836,705975459.0
2020-02-07,1.932,1.94,1.949,1.9,502075775.0
2020-02-10,1.938,1.961,1.966,1.924,437752260.0
2020-02-11,1.964,1.947,1.964,1.935,277137865.0
2020-02-12,1.943,2.006,2.012,1.939,394270737.0
2020-02-13,2.005,1.988,2.01,1.971,426844327.0
2020-02-14,1.983,1.987,2.022,1.965,338313044.0
2020-02-17,2.005,2.071,2.071,2.004,689679516.0
2020-02-18,2.072,2.09,2.09,2.05,704272926.0
2020-02-19,2.08,2.054,2.087,2.052,572403776.0
2020-02-20,2.062,2.105,2.118,2.056,564853897.0
2020-02-21,2.1,2.145,2.162,2.092,533741261.0
2020-02-24,2.137,2.178,2.185,2.127,504084223.0
2020-02-25,2.145,2.195,2.21,2.082,714184212.0
2020-02-26,2.162,2.102,2.176,2.086,643676967.0
2020-02-27,2.111,2.111,2.148,2.076,762019601.0
2020-02-28,2.041,1.995,2.074,1.985,1144950272.0
2020-03-02,2.026,2.054,2.071,1.999,640949034.0
2020-03-03,2.101,2.092,2.155,2.066,758934956.0
2020-03-04,2.077,2.088,2.097,2.04,446850536.0
2020-03-05,2.121,2.121,2.131,2.09,537126838.0
2020-03-06,2.09,2.111,2.14,2.087,290952337.0
2020-03-09,2.068,2.013,2.09,2.011,424604227.0
2020-03-10,2.016,2.063,2.068,1.974,636702181.0
2020-03-11,2.07,2.024,2.078,2.017,442957257.0
2020-03-12,1.996,1.971,1.998,1.948,416046997.0
2020-03-13,1.895,1.952,1.978,1.85,828071160.0
2020-03-16,1.953,1.832,1.96,1.83,629317092.0
2020-03-17,1.863,1.842,1.886,1.776,853714659.0
2020-03-18,1.86,1.818,1.907,1.816,808958752.0
2020-03-19,1.833,1.825,1.839,1.768,1111266897.0
2020-03-20,1.847,1.847,1.854,1.805,736210152.0
2020-03-23,1.79,1.761,1.816,1.75,733394667.0
2020-03-24,1.797,1.806,1.81,1.748,789514566.0
2020-03-25,1.845,1.86,1.867,1.833,880115455.0
2020-03-26,1.845,1.853,1.874,1.841,484313690.0
2020-03-27,1.878,1.83,1.882,1.828,647218343.0
2020-03-30,1.807,1.791,1.808,1.762,632104193.0
2020-03-31,1.805,1.795,1.813,1.79,427999991.0
2020-04-01,1.798,1.792,1.829,1.79,397434454.0
2020-04-02,1.786,1.844,1.845,1.784,621360179.0
2020-04-03,1.834,1.834,1.854,1.825,414494134.0
2020-04-07,1.871,1.894,1.898,1.866,696557516.0
2020-04-08,1.886,1.89,1.901,1.879,297942382.0
2020-04-09,1.905,1.921,1.925,1.896,469048131.0
2020-04-10,1.921,1.877,1.921,1.868,388882665.0
2020-04-13,1.872,1.853,1.872,1.84,348866654.0
2020-04-14,1.862,1.909,1.91,1.856,485091018.0
2020-04-15,1.911,1.899,1.927,1.899,391673275.0
2020-04-16,1.893,1.932,1.938,1.891,343659922.0
2020-04-17,1.948,1.943,1.969,1.936,423549848.0
2020-04-20,1.945,1.969,1.969,1.94,233852579.0
2020-04-21,1.96,1.949,1.96,1.92,320577430.0
2020-04-22,1.932,1.967,1.967,1.927,322109443.0
2020-04-23,1.97,1.951,1.978,1.947,312795892.0
2020-04-24,1.951,1.93,1.959,1.921,248955034.0
2020-04-27,1.938,1.939,1.957,1.919,332056612.0
2020-04-28,1.947,1.951,1.969,1.89,446927507.0
2020-04-29,1.943,1.952,1.973,1.94,356095691.0
2020-04-30,1.964,1.993,1.999,1.96,411736129.0
2020-05-06,1.98,2.029,2.032,1.974,367767579.0
2020-05-07,2.03,2.025,2.035,2.014,265935124.0
2020-05-08,2.035,2.042,2.058,2.033,304340396.0
2020-05-11,2.054,2.024,2.057,2.01,372382958.0
2020-05-12,2.021,2.043,2.045,2.012,273309790.0
2020-05-13,2.033,2.058,2.063,2.033,228528663.0
2020-05-14,2.047,2.036,2.058,2.035,241709394.0
2020-05-15,2.047,2.042,2.056,2.03,228085862.0
2020-05-18,2.045,2.039,2.057,2.015,255364320.0
2020-05-19,2.052,2.061,2.061,2.046,372748756.0
2020-05-20,2.061,2.041,2.074,2.033,315427855.0
2020-05-21,2.045,2.02,2.058,2.015,286282852.0
2020-05-22,2.015,1.972,2.018,1.96,422028759.0
2020-05-25,1.968,1.975,1.977,1.958,255996472.0
2020-05-26,1.989,2.038,2.038,1.986,345773726.0
2020-05-27,2.034,1.997,2.035,1.986,428796980.0
2020-05-28,1.99,1.982,1.999,1.948,446455083.0
2020-05-29,1.969,2.006,2.012,1.967,365781378.0
2020-06-01,2.024,2.082,2.087,2.02,401752817.0
2020-06-02,2.083,2.067,2.085,2.054,302634627.0
2020-06-03,2.075,2.06,2.085,2.059,249887104.0
2020-06-04,2.067,2.073,2.077,2.057,257369106.0
2020-06-05,2.069,2.087,2.087,2.062,219826938.0
2020-06-08,2.101,2.073,2.111,2.07,239640116.0
2020-06-09,2.076,2.102,2.106,2.068,256076277.0
2020-06-10,2.102,2.122,2.124,2.099,299262224.0
2020-06-11,2.123,2.119,2.161,2.103,324574034.0
2020-06-12,2.08,2.141,2.147,2.078,395880625.0
2020-06-15,2.143,2.141,2.181,2.14,350946406.0
2020-06-16,2.169,2.183,2.188,2.161,381432828.0
2020-06-17,2.184,2.188,2.198,2.171,288225940.0
2020-06-18,2.187,2.194,2.196,2.17,361883262.0
2020-06-19,2.196,2.238,2.253,2.191,339270529.0
2020-06-22,2.246,2.263,2.282,2.245,343573358.0
2020-06-23,2.26,2.307,2.307,2.255,269737520.0
2020-06-24,2.318,2.307,2.318,2.29,280117766.0
2020-06-29,2.292,2.295,2.307,2.28,257396705.0
2020-06-30,2.304,2.359,2.363,2.304,275878735.0
2020-07-01,2.363,2.342,2.37,2.303,431263576.0
2020-07-02,2.337,2.35,2.355,2.314,363142179.0
2020-07-03,2.349,2.38,2.39,2.325,392494290.0
2020-07-06,2.384,2.45,2.459,2.375,537357558.0
2020-07-07,2.459,2.503,2.561,2.45,439699188.0
2020-07-08,2.515,2.574,2.58,2.489,346433713.0
2020-07-09,2.576,2.674,2.681,2.56,498913539.0
2020-07-10,2.66,2.685,2.706,2.64,477182145.0
2020-07-13,2.693,2.802,2.81,2.693,534279386.0
2020-07-14,2.798,2.767,2.798,2.695,726061213.0
2020-07-15,2.766,2.722,2.797,2.688,781743879.0
2020-07-16,2.718,2.558,2.755,2.538,1269181870.0
2020-07-17,2.558,2.583,2.635,2.529,900005660.0
2020-07-20,2.62,2.611,2.629,2.528,686034721.0
2020-07-21,2.62,2.643,2.653,2.596,659815385.0
2020-07-22,2.628,2.678,2.713,2.621,618928125.0
2020-07-23,2.657,2.706,2.706,2.613,496272409.0
2020-07-24,2.68,2.537,2.695,2.525,817839761.0
2020-07-27,2.544,2.54,2.577,2.513,423595328.0
2020-07-28,2.576,2.573,2.587,2.539,437831325.0
2020-07-29,2.564,2.68,2.685,2.561,485217520.0
2020-07-30,2.68,2.652,2.692,2.641,429584112.0
2020-07-31,2.658,2.708,2.724,2.646,468958726.0
2020-08-03,2.734,2.774,2.774,2.704,405796392.0
2020-08-04,2.772,2.738,2.794,2.721,441102561.0
2020-08-05,2.74,2.763,2.779,2.707,324932450.0
2020-08-06,2.767,2.719,2.77,2.682,431876721.0
2020-08-07,2.701,2.657,2.726,2.61,449797080.0
2020-08-10,2.641,2.641,2.666,2.603,301159264.0
2020-08-11,2.643,2.6,2.68,2.59,398901426.0
2020-08-12,2.596,2.548,2.604,2.492,701878313.0
2020-08-13,2.56,2.535,2.566,2.521,337884346.0
2020-08-14,2.533,2.579,2.58,2.528,484820197.0
2020-08-17,2.591,2.607,2.608,2.56,570620335.0
2020-08-18,2.608,2.605,2.631,2.595,332642845.0
2020-08-19,2.604,2.524,2.61,2.521,336320265.0
2020-08-20,2.503,2.503,2.541,2.272,331196658.0
2020-08-21,2.519,2.546,2.554,2.518,334956758.0
2020-08-24,2.563,2.597,2.612,2.503,444974992.0
2020-08-25,2.591,2.611,2.65,2.589,404288409.0
2020-08-26,2.608,2.551,2.627,2.546,437208419.0
2020-08-27,2.561,2.602,2.609,2.547,377358507.0
2020-08-28,2.59,2.666,2.67,2.586,400813583.0
2020-08-31,2.676,2.637,2.687,2.633,348585735.0
2020-09-01,2.628,2.658,2.659,2.611,259463968.0
2020-09-02,2.657,2.676,2.692,2.634,331958177.0
2020-09-03,2.667,2.653,2.696,2.642,343135790.0
2020-09-04,2.609,2.638,2.649,2.596,313760212.0
2020-09-07,2.628,2.549,2.65,2.541,423258879.0
2020-09-08,2.554,2.564,2.574,2.524,339692412.0
2020-09-09,2.533,2.44,2.533,2.421,522864782.0
2020-09-10,2.462,2.403,2.478,2.39,364836322.0
2020-09-11,2.391,2.449,2.457,2.39,292043263.0
2020-09-14,2.476,2.484,2.515,2.461,326308013.0
2020-09-15,2.484,2.504,2.51,2.473,227161113.0
2020-09-16,2.506,2.47,2.507,2.454,171690899.0
2020-09-17,2.46,2.467,2.495,2.437,238430245.0
2020-09-18,2.468,2.513,2.514,2.45,303412153.0
2020-09-21,2.516,2.48,2.517,2.479,224876539.0
2020-09-22,2.47,2.469,2.508,2.462,228320462.0
2020-09-23,2.472,2.508,2.52,2.459,222709939.0
2020-09-24,2.49,2.454,2.496,2.451,226518798.0
2020-09-25,2.46,2.457,2.482,2.444,200706676.0
2020-09-28,2.465,2.434,2.467,2.432,165632430.0
2020-09-29,2.453,2.479,2.49,2.436,208620050.0
2020-09-30,2.478,2.489,2.513,2.472,219507409.0
2020-10-09,2.539,2.581,2.586,2.534,244202537.0
2020-10-12,2.606,2.683,2.683,2.601,364837013.0
2020-10-13,2.679,2.688,2.697,2.66,249894168.0
2020-10-14,2.682,2.668,2.696,2.664,201838845.0
2020-10-15,2.668,2.65,2.675,2.642,217479954.0
2020-10-16,2.641,2.634,2.658,2.602,202792436.0
2020-10-19,2.648,2.6,2.656,2.593,224153113.0
2020-10-20,2.594,2.645,2.646,2.594,249686322.0
2020-10-21,2.647,2.612,2.65,2.597,245499409.0
2020-10-22,2.594,2.582,2.599,2.556,280517091.0
2020-10-23,2.579,2.516,2.609,2.504,411905870.0
2020-10-26,2.5,2.533,2.539,2.468,312465813.0
2020-10-27,2.52,2.56,2.563,2.52,253441654.0
2020-10-28,2.552,2.577,2.591,2.536,269906958.0
2020-10-29,2.548,2.607,2.619,2.542,277429538.0
2020-10-30,2.607,2.563,2.618,2.553,252842141.0
2020-11-02,2.57,2.617,2.628,2.57,289130910.0
2020-11-03,2.622,2.649,2.657,2.605,202761273.0
2020-11-04,2.644,2.658,2.661,2.629,219037262.0
2020-11-05,2.682,2.69,2.695,2.651,260605815.0
2020-11-06,2.693,2.637,2.697,2.618,304082339.0
2020-11-09,2.653,2.719,2.736,2.653,372103458.0
2020-11-10,2.717,2.674,2.717,2.619,385982619.0
2020-11-11,2.664,2.595,2.671,2.592,327201379.0
2020-11-12,2.602,2.607,2.628,2.595,207614441.0
2020-11-13,2.591,2.619,2.628,2.59,241043610.0
2020-11-16,2.626,2.62,2.627,2.583,228480113.0
2020-11-17,2.614,2.572,2.622,2.538,398273700.0
2020-11-18,2.57,2.534,2.59,2.523,466233593.0
2020-11-19,2.527,2.556,2.56,2.506,347370014.0
2020-11-20,2.553,2.576,2.584,2.552,306170480.0
2020-11-23,2.579,2.593,2.612,2.557,320296569.0
2020-11-24,2.591,2.582,2.604,2.571,177123510.0
2020-11-25,2.583,2.528,2.585,2.526,291116096.0
2020-11-26,2.529,2.522,2.542,2.498,326072919.0
2020-11-27,2.519,2.532,2.546,2.504,283537802.0
2020-11-30,2.532,2.541,2.563,2.506,363223175.0
2020-12-01,2.535,2.602,2.608,2.53,445009820.0
2020-12-02,2.602,2.593,2.607,2.572,253875072.0
2020-12-03,2.583,2.619,2.628,2.577,307006064.0
2020-12-04,2.608,2.637,2.64,2.604,218982832.0
2020-12-07,2.625,2.628,2.643,2.62,198281873.0
2020-12-08,2.633,2.646,2.659,2.633,211423499.0
2020-12-09,2.65,2.598,2.665,2.596,294426485.0
2020-12-10,2.587,2.627,2.642,2.582,197931497.0
2020-12-11,2.629,2.601,2.637,2.575,222666043.0
2020-12-14,2.6,2.641,2.641,2.585,195953047.0
2020-12-15,2.633,2.667,2.668,2.629,220610448.0
2020-12-16,2.666,2.667,2.677,2.638,150552479.0
2020-12-17,2.659,2.694,2.695,2.646,185087694.0
2020-12-18,2.699,2.688,2.706,2.672,257718366.0
2020-12-21,2.687,2.778,2.781,2.686,424157741.0
2020-12-22,2.767,2.718,2.792,2.716,272538532.0
2020-12-23,2.721,2.745,2.768,2.717,328848465.0
2020-12-24,2.741,2.726,2.753,2.718,388445564.0
2020-12-25,2.715,2.749,2.749,2.695,521300967.0
2020-12-28,2.748,2.745,2.764,2.724,191038814.0
2020-12-29,2.733,2.717,2.747,2.702,155320702.0
2020-12-30,2.72,2.799,2.807,2.72,263980789.0
2020-12-31,2.809,2.866,2.869,2.805,310691582.0
2021-01-04,2.864,2.976,2.99,2.861,247276400.0
2021-01-05,2.94,2.988,2.997,2.925,247000419.0
2021-01-06,3.0,3.003,3.03,2.953,229043824.0
2021-01-07,2.996,3.056,3.056,2.978,202998963.0
2021-01-08,3.065,3.036,3.086,3.011,186743072.0
2021-01-11,3.052,2.989,3.054,2.962,206808482.0
2021-01-12,2.98,3.076,3.076,2.954,185768051.0
2021-01-13,3.071,3.025,3.094,2.997,214104731.0
2021-01-14,3.01,2.987,3.036,2.959,235351168.0
2021-01-15,2.98,2.99,3.004,2.919,271267751.0
2021-01-18,2.969,3.046,3.058,2.949,231231312.0
2021-01-19,3.034,2.976,3.046,2.966,218122764.0
2021-01-20,2.992,3.096,3.098,2.987,298608097.0
2021-01-21,3.103,3.176,3.19,3.101,220790780.0
2021-01-22,3.17,3.241,3.252,3.165,256105598.0
2021-01-25,3.242,3.242,3.307,3.215,213678421.0
2021-01-26,3.222,3.152,3.228,3.14,333004245.0
2021-01-27,3.151,3.166,3.184,3.085,227921679.0
2021-01-28,3.111,3.057,3.139,3.053,276317225.0
2021-01-29,3.089,3.029,3.108,2.966,319313192.0
2021-02-01,3.024,3.056,3.08,3.001,200811105.0
2021-02-02,3.062,3.118,3.12,3.023,270143432.0
2021-02-03,3.128,3.106,3.16,3.105,220223747.0
2021-02-04,3.09,3.098,3.134,3.048,209769685.0
2021-02-05,3.102,3.084,3.144,3.08,196770164.0
2021-02-09,3.171,3.222,3.223,3.163,234391194.0
2021-02-10,3.23,3.293,3.309,3.195,242315353.0
2021-02-18,3.353,3.202,3.359,3.186,319599874.0
2021-02-19,3.191,3.17,3.192,3.086,374773623.0
2021-02-22,3.156,3.032,3.159,3.03,389725513.0
2021-02-23,3.0,3.009,3.046,2.988,311137026.0
2021-02-24,3.01,2.904,3.016,2.87,798068301.0
2021-02-25,2.929,2.878,2.934,2.866,491826027.0
2021-02-26,2.854,2.814,2.858,2.79,585085062.0
2021-03-01,2.85,2.894,2.895,2.831,494000418.0
2021-03-02,2.908,2.859,2.915,2.834,388716060.0
2021-03-03,2.848,2.9,2.9,2.833,283152229.0
2021-03-04,2.863,2.751,2.863,2.743,750182906.0
2021-03-05,2.706,2.772,2.795,2.705,527080748.0
2021-03-08,2.783,2.633,2.803,2.631,805462509.0
2021-03-09,2.618,2.547,2.64,2.52,810763256.0
2021-03-10,2.607,2.586,2.622,2.572,605119602.0
2021-03-11,2.585,2.65,2.67,2.581,514914893.0
2021-03-12,2.666,2.658,2.673,2.616,348258305.0
2021-03-15,2.64,2.555,2.64,2.523,502876143.0
2021-03-16,2.562,2.579,2.583,2.539,341410892.0
2021-03-17,2.56,2.607,2.622,2.54,363628344.0
2021-03-18,2.619,2.65,2.661,2.614,353970072.0
2021-03-19,2.608,2.579,2.632,2.562,294730888.0
2021-03-22,2.583,2.607,2.632,2.573,292607323.0
2021-03-23,2.595,2.579,2.614,2.551,275605917.0
2021-03-24,2.558,2.543,2.586,2.533,338689201.0
2021-03-25,2.522,2.567,2.578,2.515,331559515.0
2021-03-26,2.576,2.65,2.658,2.576,545183168.0
2021-03-29,2.644,2.637,2.669,2.621,322720340.0
2021-03-30,2.627,2.673,2.682,2.625,258293322.0
2021-03-31,2.662,2.665,2.68,2.637,191449412.0
2021-04-01,2.665,2.718,2.72,2.665,274214892.0
2021-04-02,2.725,2.756,2.769,2.718,296899259.0
2021-04-06,2.762,2.73,2.769,2.711,233145207.0
2021-04-07,2.74,2.707,2.744,2.678,215111615.0
2021-04-08,2.694,2.728,2.74,2.682,180305429.0
2021-04-09,2.722,2.69,2.729,2.677,195835320.0
2021-04-12,2.683,2.627,2.715,2.618,278949740.0
2021-04-13,2.618,2.649,2.688,2.618,295400904.0
2021-04-14,2.654,2.707,2.71,2.652,228991223.0
2021-04-15,2.695,2.698,2.698,2.663,241253081.0
2021-04-16,2.707,2.688,2.709,2.65,243810332.0
2021-04-19,2.681,2.798,2.799,2.672,375470958.0
2021-04-20,2.788,2.791,2.82,2.77,291873855.0
2021-04-21,2.767,2.814,2.818,2.767,202214731.0
2021-04-22,2.831,2.837,2.847,2.799,262163825.0
2021-04-23,2.824,2.891,2.905,2.824,303740760.0
2021-04-26,2.91,2.863,2.954,2.861,403539908.0
2021-04-27,2.857,2.884,2.889,2.846,217181737.0
2021-04-28,2.884,2.949,2.95,2.877,265366359.0
2021-04-29,2.946,2.952,2.964,2.91,192839287.0
2021-04-30,2.941,2.989,3.004,2.932,252347649.0
2021-05-06,2.963,2.904,2.963,2.862,254489391.0
2021-05-07,2.91,2.819,2.925,2.816,313035744.0
2021-05-10,2.82,2.827,2.863,2.805,247283247.0
2021-05-11,2.796,2.823,2.837,2.769,283200301.0
2021-05-12,2.813,2.865,2.868,2.788,218443226.0
2021-05-13,2.836,2.845,2.871,2.814,205318641.0
2021-05-14,2.857,2.937,2.938,2.846,267658598.0
2021-05-17,2.945,3.007,3.024,2.945,340608983.0
2021-05-18,3.0,2.988,3.023,2.964,189854650.0
2021-05-19,2.965,3.012,3.023,2.965,189132121.0
2021-05-20,3.003,3.043,3.054,3.003,161446757.0
2021-05-21,3.055,3.012,3.065,2.992,182912900.0
2021-05-24,3.01,3.036,3.04,2.972,194088131.0
2021-05-25,3.042,3.119,3.129,3.042,274275055.0
2021-05-26,3.12,3.095,3.12,3.08,217890451.0
2021-05-27,3.086,3.118,3.135,3.066,156756538.0
2021-05-28,3.117,3.121,3.175,3.099,227136653.0
2021-05-31,3.13,3.195,3.2,3.13,181396086.0
2021-06-01,3.18,3.188,3.2,3.136,170758628.0
2021-06-02,3.2,3.133,3.202,3.12,187009362.0
2021-06-03,3.129,3.099,3.149,3.094,169549626.0
2021-06-04,3.077,3.141,3.177,3.077,204934154.0
2021-06-07,3.136,3.122,3.136,3.092,154103664.0
2021-06-08,3.118,3.105,3.17,3.082,203091389.0
2021-06-09,3.096,3.1,3.12,3.079,140482248.0
2021-06-10,3.107,3.179,3.192,3.107,225094495.0
2021-06-11,3.196,3.195,3.212,3.159,184316646.0
2021-06-15,3.191,3.155,3.199,3.139,194039578.0
2021-06-16,3.145,3.024,3.153,3.021,299958312.0
2021-06-17,3.023,3.088,3.094,3.023,257679418.0
2021-06-18,3.096,3.137,3.16,3.095,215212147.0
2021-06-21,3.127,3.166,3.185,3.1,199220338.0
2021-06-22,3.17,3.174,3.19,3.119,175381242.0
2021-06-23,3.179,3.217,3.234,3.164,209371221.0
2021-06-24,3.212,3.174,3.218,3.16,142519860.0
2021-06-25,3.18,3.243,3.254,3.18,242235788.0
2021-06-28,3.238,3.305,3.313,3.236,216485401.0
2021-06-29,3.329,3.297,3.336,3.282,174542604.0
2021-06-30,3.302,3.373,3.373,3.277,182971253.0
2021-07-01,3.381,3.34,3.388,3.32,283593981.0
2021-07-02,3.332,3.227,3.332,3.224,212085886.0
2021-07-05,3.223,3.25,3.282,3.215,225886420.0
2021-07-06,3.242,3.196,3.266,3.142,286668859.0
2021-07-07,3.172,3.305,3.313,3.157,285329114.0
2021-07-08,3.317,3.322,3.36,3.305,171582303.0
2021-07-09,3.3,3.303,3.323,3.23,202969557.0
2021-07-12,3.339,3.427,3.445,3.315,188015597.0
2021-07-13,3.415,3.411,3.452,3.372,192648336.0
2021-07-14,3.402,3.382,3.432,3.357,166100707.0
2021-07-15,3.359,3.429,3.429,3.345,201328885.0
2021-07-16,3.41,3.328,3.412,3.322,192483707.0
2021-07-19,3.326,3.35,3.373,3.311,139312064.0
2021-07-20,3.318,3.356,3.379,3.311,173855526.0
2021-07-21,3.364,3.455,3.46,3.362,237359042.0
2021-07-22,3.455,3.438,3.463,3.404,163581080.0
2021-07-23,3.434,3.367,3.434,3.356,179582487.0
2021-07-26,3.34,3.27,3.36,3.193,282971900.0
2021-07-27,3.259,3.14,3.318,3.135,334982190.0
2021-07-28,3.11,3.183,3.201,3.063,336879133.0
2021-07-29,3.26,3.358,3.359,3.23,296177971.0
2021-07-30,3.34,3.328,3.371,3.292,205915000.0
2021-08-02,3.328,3.393,3.396,3.29,278473600.0
2021-08-03,3.39,3.363,3.408,3.34,164722843.0
2021-08-04,3.356,3.446,3.451,3.34,169479782.0
2021-08-05,3.44,3.419,3.457,3.398,150910338.0
2021-08-06,3.435,3.386,3.436,3.362,184136784.0
2021-08-09,3.351,3.348,3.36,3.304,346903662.0
2021-08-10,3.34,3.366,3.366,3.315,171580589.0
2021-08-11,3.355,3.326,3.363,3.314,141573177.0
2021-08-12,3.32,3.28,3.33,3.276,149893699.0
2021-08-13,3.26,3.249,3.329,3.228,166171136.0
2021-08-16,3.225,3.206,3.244,3.187,180097988.0
2021-08-17,3.204,3.126,3.223,3.115,273111800.0
2021-08-18,3.134,3.16,3.171,3.123,223174045.0
2021-08-19,3.148,3.177,3.202,3.134,235224900.0
2021-08-20,3.155,3.1,3.167,3.067,292467662.0
2021-08-23,3.105,3.195,3.196,3.102,246691228.0
2021-08-24,3.195,3.225,3.247,3.169,207494500.0
2021-08-25,3.225,3.241,3.244,3.193,133965100.0
2021-08-26,3.247,3.164,3.261,3.161,156674748.0
2021-08-27,3.16,3.158,3.197,3.141,143773535.0
2021-08-30,3.17,3.164,3.214,3.147,168855175.0
2021-08-31,3.163,3.106,3.168,3.086,195114152.0
2021-09-01,3.11,3.094,3.124,3.035,209544901.0
2021-09-02,3.08,3.046,3.097,3.039,194799838.0
2021-09-03,3.046,3.01,3.071,2.996,228797179.0
2021-09-06,3.012,3.129,3.13,2.993,288687323.0
2021-09-07,3.113,3.147,3.159,3.107,200785162.0
2021-09-08,3.152,3.123,3.18,3.115,133978408.0
2021-09-09,3.116,3.126,3.145,3.076,166283300.0
2021-09-10,3.113,3.135,3.145,3.089,138505154.0
2021-09-13,3.127,3.095,3.156,3.085,154726681.0
2021-09-14,3.094,3.14,3.174,3.085,195953276.0
2021-09-15,3.122,3.105,3.133,3.088,149915164.0
2021-09-16,3.103,3.035,3.103,3.032,155375565.0
2021-09-17,3.027,3.097,3.101,3.026,135898658.0
2021-09-22,3.057,3.068,3.1,3.051,129937867.0
2021-09-23,3.087,3.086,3.111,3.059,128892500.0
2021-09-24,3.077,3.109,3.147,3.071,220295893.0
2021-09-27,3.119,3.13,3.177,3.111,172280400.0
2021-09-28,3.118,3.114,3.17,3.102,132080949.0
2021-09-29,3.095,3.083,3.109,3.067,128649391.0
2021-09-30,3.088,3.148,3.155,3.084,168196320.0
2021-10-08,3.169,3.138,3.186,3.125,146534774.0
2021-10-11,3.147,3.096,3.156,3.092,123880621.0
2021-10-12,3.081,3.042,3.102,3.013,191120000.0
2021-10-13,3.04,3.109,3.11,3.04,160197174.0
2021-10-14,3.1,3.112,3.138,3.1,141220171.0
2021-10-15,3.11,3.176,3.18,3.088,148862000.0
2021-10-18,3.178,3.172,3.185,3.128,136330880.0
2021-10-19,3.18,3.191,3.208,3.168,115987412.0
2021-10-20,3.19,3.185,3.215,3.172,99612866.0
2021-10-21,3.188,3.174,3.2,3.155,84781520.0
2021-10-22,3.184,3.185,3.205,3.166,127467698.0
2021-10-25,3.182,3.236,3.237,3.182,116805756.0
2021-10-26,3.256,3.221,3.262,3.217,110950879.0
2021-10-27,3.221,3.205,3.221,3.182,85248602.0
2021-10-28,3.196,3.178,3.232,3.163,129880004.0
2021-10-29,3.186,3.249,3.25,3.151,162236957.0
2021-11-01,3.245,3.224,3.268,3.201,121975751.0
2021-11-02,3.227,3.228,3.266,3.205,130108238.0
2021-11-03,3.213,3.222,3.26,3.198,119039178.0
2021-11-04,3.233,3.26,3.275,3.233,115115318.0
2021-11-05,3.243,3.248,3.276,3.243,98630686.0
2021-11-08,3.24,3.278,3.287,3.234,106448868.0
2021-11-09,3.278,3.3,3.302,3.269,97771700.0
2021-11-10,3.287,3.296,3.3,3.236,144468143.0
2021-11-11,3.284,3.324,3.333,3.279,92895009.0
2021-11-12,3.318,3.324,3.335,3.3,91083967.0
2021-11-15,3.324,3.295,3.329,3.284,109479113.0
2021-11-16,3.292,3.282,3.315,3.28,99175252.0
2021-11-17,3.284,3.317,3.319,3.284,87741977.0
2021-11-18,3.305,3.274,3.308,3.268,135334985.0
2021-11-19,3.273,3.313,3.315,3.271,119882902.0
2021-11-22,3.322,3.393,3.395,3.314,138369244.0
2021-11-23,3.392,3.38,3.402,3.371,87442886.0
2021-11-24,3.381,3.362,3.392,3.357,90530953.0
2021-11-25,3.366,3.368,3.386,3.353,112002348.0
2021-11-26,3.367,3.364,3.39,3.35,64330753.0
2021-11-29,3.345,3.389,3.411,3.338,147854308.0
2021-11-30,3.395,3.386,3.408,3.364,131532105.0
2021-12-01,3.377,3.365,3.389,3.352,78513012.0
2021-12-02,3.354,3.355,3.375,3.346,71581205.0
2021-12-03,3.355,3.37,3.372,3.34,91855800.0
2021-12-06,3.354,3.294,3.368,3.293,135542200.0
2021-12-07,3.314,3.266,3.317,3.235,132836201.0
2021-12-08,3.266,3.314,3.32,3.266,113979509.0
2021-12-09,3.304,3.353,3.353,3.29,129892631.0
2021-12-10,3.335,3.37,3.377,3.324,79556660.0
2021-12-13,3.362,3.389,3.4,3.347,103787369.0
2021-12-14,3.37,3.384,3.396,3.37,77658739.0
2021-12-15,3.382,3.355,3.411,3.355,80333029.0
2021-12-16,3.361,3.378,3.384,3.357,74455876.0
2021-12-17,3.376,3.328,3.376,3.32,91741172.0
2021-12-20,3.322,3.225,3.328,3.218,181023473.0
2021-12-21,3.227,3.247,3.25,3.204,160419213.0
2021-12-22,3.249,3.26,3.273,3.248,95584871.0
2021-12-23,3.269,3.269,3.282,3.252,74430254.0
2021-12-24,3.268,3.196,3.275,3.181,118251170.0
2021-12-27,3.183,3.19,3.212,3.173,102621485.0
2021-12-28,3.193,3.226,3.229,3.178,142547829.0
2021-12-29,3.216,3.182,3.218,3.176,141497166.0
2021-12-30,3.18,3.219,3.233,3.176,194025382.0
2021-12-31,3.231,3.218,3.247,3.207,113567219.0
2022-01-04,3.236,3.154,3.242,3.14,132940778.0
2022-01-05,3.151,3.064,3.151,3.049,332667600.0
2022-01-06,3.043,3.034,3.054,2.999,394002193.0
2022-01-07,3.035,3.003,3.046,2.998,253289843.0
2022-01-10,3.0,2.998,3.018,2.958,256393952.0
2022-01-11,2.998,2.96,3.008,2.956,246058037.0
2022-01-12,2.984,3.035,3.039,2.984,339832167.0
2022-01-13,3.042,2.99,3.043,2.988,216175660.0
2022-01-14,2.975,3.015,3.027,2.967,210134515.0
2022-01-17,3.0,3.068,3.075,3.0,188036945.0
2022-01-18,3.057,3.047,3.075,3.038,163349259.0
2022-01-19,3.036,2.985,3.047,2.958,314388568.0
2022-01-20,2.973,2.975,3.002,2.962,180663593.0
2022-01-21,2.957,2.941,2.973,2.927,269310659.0
2022-01-24,2.929,2.962,2.972,2.924,237572197.0
2022-01-25,2.94,2.881,2.961,2.881,286977900.0
2022-01-26,2.893,2.906,2.914,2.86,229204561.0
2022-01-27,2.889,2.815,2.904,2.813,402578800.0
2022-01-28,2.848,2.819,2.869,2.794,305307391.0
2022-02-07,2.87,2.83,2.891,2.815,257569780.0
2022-02-08,2.826,2.758,2.826,2.697,454017488.0
2022-02-09,2.749,2.791,2.797,2.729,275942849.0
2022-02-10,2.794,2.74,2.8,2.711,370924390.0
2022-02-11,2.715,2.66,2.725,2.655,434959916.0
2022-02-14,2.648,2.646,2.687,2.626,394346335.0
2022-02-15,2.653,2.726,2.728,2.653,468559630.0
2022-02-16,2.733,2.725,2.75,2.718,314085732.0
2022-02-17,2.716,2.744,2.768,2.705,336006986.0
2022-02-18,2.727,2.739,2.74,2.713,249115500.0
2022-02-21,2.739,2.713,2.747,2.706,244861857.0
2022-02-22,2.689,2.678,2.692,2.656,373309353.0
2022-02-23,2.683,2.754,2.754,2.68,363213958.0
2022-02-24,2.721,2.693,2.759,2.662,469738049.0
2022-02-25,2.732,2.763,2.79,2.732,417152100.0
2022-02-28,2.763,2.786,2.787,2.741,297335100.0
2022-03-01,2.8,2.795,2.814,2.772,297158989.0
2022-03-02,2.777,2.741,2.777,2.721,323906960.0
2022-03-03,2.76,2.704,2.761,2.701,355783500.0
2022-03-04,2.681,2.662,2.71,2.652,421568753.0
2022-03-07,2.641,2.543,2.642,2.535,657431081.0
2022-03-08,2.54,2.507,2.568,2.486,823474261.0
2022-03-09,2.515,2.483,2.526,2.388,1000329680.0
2022-03-10,2.552,2.547,2.578,2.525,937142180.0
2022-03-11,2.502,2.583,2.585,2.484,574145449.0
2022-03-14,2.547,2.49,2.564,2.489,500412898.0
2022-03-15,2.455,2.421,2.54,2.421,720371101.0
2022-03-16,2.46,2.552,2.557,2.4,1118256150.0
2022-03-17,2.595,2.624,2.674,2.59,981918041.0
2022-03-18,2.61,2.635,2.642,2.582,407462114.0
2022-03-21,2.639,2.636,2.666,2.614,459004012.0
2022-03-22,2.623,2.602,2.626,2.589,304342630.0
2022-03-23,2.619,2.629,2.639,2.597,344175155.0
2022-03-24,2.605,2.62,2.638,2.571,434296027.0
2022-03-25,2.612,2.565,2.627,2.559,508855361.0
2022-03-28,2.54,2.512,2.545,2.494,545915442.0
2022-03-29,2.517,2.511,2.548,2.499,413883198.0
2022-03-30,2.527,2.61,2.61,2.524,544344827.0
2022-03-31,2.595,2.574,2.6,2.563,390435400.0
2022-04-01,2.55,2.58,2.599,2.548,421010194.0
2022-04-06,2.566,2.55,2.577,2.533,353504268.0
2022-04-07,2.535,2.496,2.547,2.495,442818632.0
2022-04-08,2.496,2.491,2.525,2.467,346638970.0
2022-04-11,2.46,2.386,2.465,2.378,605010321.0
2022-04-12,2.386,2.44,2.442,2.381,471392786.0
2022-04-13,2.418,2.394,2.433,2.391,478173706.0
2022-04-14,2.42,2.389,2.43,2.365,757305712.0
2022-04-15,2.36,2.385,2.406,2.339,522694074.0
2022-04-18,2.361,2.412,2.413,2.335,538176438.0
2022-04-19,2.398,2.377,2.43,2.368,438886235.0
2022-04-20,2.376,2.288,2.376,2.284,818080224.0
2022-04-21,2.27,2.24,2.304,2.227,655445194.0
2022-04-22,2.221,2.225,2.252,2.207,594208581.0
2022-04-25,2.177,2.103,2.192,2.103,1044159500.0
2022-04-26,2.103,2.086,2.15,2.083,1020151680.0
2022-04-27,2.066,2.2,2.2,2.057,1365175127.0
2022-04-28,2.172,2.158,2.194,2.138,778832322.0
2022-04-29,2.166,2.244,2.25,2.152,838179927.0
2022-05-05,2.2,2.212,2.244,2.174,765492397.0
2022-05-06,2.16,2.177,2.203,2.148,733627028.0
2022-05-09,2.165,2.162,2.194,2.145,327422055.0
2022-05-10,2.136,2.204,2.217,2.121,637878072.0
2022-05-11,2.206,2.272,2.323,2.203,1284483079.0
2022-05-12,2.256,2.277,2.295,2.251,611513015.0
2022-05-13,2.29,2.285,2.298,2.26,433217044.0
2022-05-16,2.295,2.257,2.319,2.256,460000370.0
2022-05-17,2.256,2.293,2.297,2.249,340268036.0
2022-05-18,2.291,2.29,2.31,2.277,297727959.0
2022-05-19,2.255,2.306,2.306,2.255,394460793.0
2022-05-20,2.317,2.347,2.352,2.31,384367482.0
2022-05-23,2.347,2.332,2.348,2.313,300704631.0
2022-05-24,2.331,2.246,2.331,2.246,571083102.0
2022-05-25,2.246,2.253,2.26,2.233,445035331.0
2022-05-26,2.254,2.249,2.271,2.212,496380206.0
2022-05-27,2.268,2.251,2.304,2.238,463126679.0
2022-05-30,2.262,2.276,2.289,2.252,359269334.0
2022-05-31,2.276,2.334,2.338,2.251,396981527.0
2022-06-01,2.333,2.354,2.366,2.321,413110272.0
2022-06-02,2.341,2.386,2.389,2.336,327388405.0
2022-06-06,2.38,2.477,2.483,2.379,465679666.0
2022-06-07,2.474,2.478,2.498,2.457,316063541.0
2022-06-08,2.477,2.494,2.498,2.433,392041028.0
2022-06-09,2.477,2.423,2.487,2.419,332064328.0
2022-06-10,2.408,2.48,2.481,2.404,314443000.0
2022-06-13,2.458,2.469,2.488,2.448,279982947.0
2022-06-14,2.443,2.475,2.48,2.388,420423193.0
2022-06-15,2.476,2.497,2.554,2.473,504100200.0
2022-06-16,2.498,2.507,2.539,2.494,365609738.0
2022-06-17,2.482,2.584,2.588,2.482,463346492.0
2022-06-20,2.59,2.626,2.661,2.588,434266350.0
2022-06-21,2.626,2.615,2.643,2.586,343337748.0
2022-06-22,2.614,2.596,2.642,2.595,337790527.0
2022-06-23,2.601,2.68,2.68,2.594,333311072.0
2022-06-24,2.697,2.738,2.74,2.678,344323264.0
2022-06-27,2.751,2.741,2.78,2.735,351170751.0
2022-06-28,2.739,2.754,2.767,2.69,301968582.0
2022-06-29,2.734,2.683,2.76,2.68,418819644.0
2022-06-30,2.689,2.73,2.751,2.689,385120220.0
2022-07-01,2.728,2.699,2.738,2.687,373317705.0
2022-07-04,2.682,2.75,2.75,2.663,422454210.0
2022-07-05,2.758,2.739,2.784,2.701,319075511.0
2022-07-06,2.734,2.725,2.773,2.694,355301270.0
2022-07-07,2.721,2.769,2.77,2.709,297701836.0
2022-07-08,2.779,2.731,2.803,2.727,341026117.0
2022-07-11,2.729,2.69,2.729,2.661,331205323.0
2022-07-12,2.682,2.622,2.692,2.618,366684792.0
2022-07-13,2.628,2.665,2.681,2.595,403435902.0
2022-07-14,2.653,2.735,2.758,2.649,402201800.0
2022-07-15,2.729,2.68,2.755,2.68,317926973.0
2022-07-18,2.685,2.717,2.732,2.657,295954600.0
2022-07-19,2.715,2.67,2.715,2.658,317931400.0
2022-07-20,2.682,2.68,2.706,2.674,211530200.0
2022-07-21,2.674,2.67,2.712,2.66,240085000.0
2022-07-22,2.694,2.651,2.706,2.635,273100619.0
2022-07-25,2.647,2.629,2.657,2.615,268891671.0
2022-07-26,2.628,2.634,2.65,2.603,296400018.0
2022-07-27,2.629,2.637,2.65,2.616,248050857.0
2022-07-28,2.653,2.629,2.669,2.624,280331287.0
2022-07-29,2.633,2.594,2.639,2.588,324833381.0
2022-08-01,2.58,2.657,2.657,2.562,296644973.0
2022-08-02,2.627,2.605,2.637,2.575,361887470.0
2022-08-03,2.613,2.553,2.637,2.545,294159628.0
2022-08-04,2.56,2.565,2.578,2.536,273721862.0
2022-08-05,2.566,2.606,2.61,2.561,297501062.0
2022-08-08,2.588,2.596,2.602,2.571,225592800.0
2022-08-09,2.596,2.614,2.62,2.58,181719600.0
2022-08-10,2.606,2.579,2.614,2.57,201743400.0
2022-08-11,2.59,2.647,2.647,2.572,292071500.0
2022-08-12,2.633,2.613,2.639,2.611,239229451.0
2022-08-15,2.606,2.638,2.654,2.606,214185308.0
2022-08-16,2.639,2.652,2.679,2.638,211315398.0
2022-08-17,2.653,2.695,2.702,2.639,251215347.0
2022-08-18,2.687,2.693,2.713,2.682,194603868.0
2022-08-19,2.693,2.653,2.698,2.652,192544050.0
2022-08-22,2.65,2.699,2.701,2.634,241175642.0
2022-08-23,2.69,2.697,2.719,2.683,204361915.0
2022-08-24,2.714,2.6,2.721,2.597,386985175.0
2022-08-25,2.604,2.59,2.615,2.558,254645316.0
2022-08-26,2.581,2.566,2.598,2.556,227227088.0
2022-08-29,2.541,2.553,2.564,2.525,227397300.0
2022-08-30,2.551,2.538,2.555,2.52,221382633.0
2022-08-31,2.525,2.491,2.537,2.474,329722217.0
2022-09-01,2.487,2.463,2.508,2.457,294973900.0
2022-09-02,2.466,2.461,2.48,2.443,349020510.0
2022-09-05,2.454,2.467,2.479,2.445,299676600.0
2022-09-06,2.466,2.468,2.47,2.42,466526847.0
2022-09-07,2.45,2.493,2.509,2.443,385939505.0
2022-09-08,2.494,2.448,2.496,2.445,344796853.0
2022-09-09,2.453,2.476,2.477,2.449,269631054.0
2022-09-13,2.485,2.475,2.494,2.46,203552560.0
2022-09-14,2.445,2.431,2.454,2.415,270649466.0
2022-09-15,2.431,2.349,2.438,2.336,455643405.0
2022-09-16,2.341,2.297,2.356,2.297,483345501.0
2022-09-19,2.292,2.285,2.318,2.27,399160704.0
2022-09-20,2.295,2.297,2.327,2.285,360217200.0
2022-09-21,2.284,2.265,2.289,2.256,521184289.0
2022-09-22,2.25,2.252,2.28,2.236,367288984.0
2022-09-23,2.245,2.239,2.268,2.209,531741668.0
2022-09-26,2.226,2.253,2.288,2.22,528002975.0
2022-09-27,2.258,2.306,2.306,2.258,478844429.0
2022-09-28,2.294,2.249,2.3,2.248,464719960.0
2022-09-29,2.269,2.267,2.288,2.251,407569326.0
2022-09-30,2.259,2.221,2.276,2.219,437156367.0
2022-10-10,2.219,2.166,2.232,2.166,417162707.0
2022-10-11,2.183,2.192,2.206,2.176,394014249.0
2022-10-12,2.191,2.274,2.275,2.169,739272978.0
2022-10-13,2.255,2.282,2.305,2.252,596260779.0
2022-10-14,2.315,2.365,2.38,2.297,667115977.0
2022-10-17,2.349,2.362,2.375,2.333,389871512.0
2022-10-18,2.38,2.373,2.397,2.355,450961167.0
2022-10-19,2.366,2.355,2.39,2.351,402415044.0
2022-10-20,2.34,2.337,2.375,2.296,667018698.0
2022-10-21,2.337,2.321,2.342,2.31,442915341.0
2022-10-24,2.323,2.266,2.348,2.253,771540769.0
2022-10-25,2.252,2.241,2.279,2.214,666103065.0
2022-10-26,2.251,2.302,2.329,2.251,671957850.0
2022-10-27,2.319,2.265,2.32,2.265,530353994.0
2022-10-28,2.247,2.187,2.259,2.179,732198550.0
2022-10-31,2.166,2.202,2.231,2.164,682884200.0
2022-11-01,2.208,2.275,2.275,2.186,762556902.0
2022-11-02,2.261,2.305,2.325,2.256,721461496.0
2022-11-03,2.283,2.309,2.316,2.283,629229171.0
2022-11-04,2.307,2.383,2.394,2.304,686859859.0
2022-11-07,2.372,2.379,2.4,2.36,543151468.0
2022-11-08,2.379,2.363,2.386,2.341,492218900.0
2022-11-09,2.356,2.326,2.362,2.326,508981025.0
2022-11-10,2.313,2.288,2.321,2.276,738973167.0
2022-11-11,2.4,2.33,2.4,2.33,1030188096.0
2022-11-14,2.333,2.302,2.345,2.296,573687099.0
2022-11-15,2.297,2.361,2.362,2.287,690063941.0
2022-11-16,2.359,2.33,2.372,2.327,566352602.0
2022-11-17,2.322,2.316,2.322,2.281,629681585.0
2022-11-18,2.317,2.315,2.348,2.312,743979880.0
2022-11-21,2.298,2.319,2.32,2.291,381540553.0
2022-11-22,2.312,2.273,2.316,2.263,598290264.0
2022-11-23,2.269,2.269,2.288,2.233,582687305.0
2022-11-24,2.276,2.264,2.289,2.262,317976523.0
2022-11-25,2.261,2.242,2.261,2.238,340945898.0
2022-11-28,2.203,2.233,2.235,2.197,487088584.0
2022-11-29,2.233,2.268,2.28,2.228,647587855.0
2022-11-30,2.266,2.265,2.277,2.255,444986589.0
2022-12-01,2.312,2.311,2.332,2.308,620519705.0
2022-12-02,2.31,2.316,2.339,2.302,438405490.0
2022-12-05,2.327,2.313,2.334,2.298,761532495.0
2022-12-06,2.301,2.319,2.346,2.299,493991600.0
2022-12-07,2.311,2.343,2.359,2.308,745058214.0
2022-12-08,2.337,2.338,2.351,2.326,304336619.0
2022-12-09,2.337,2.348,2.353,2.323,358337153.0
2022-12-12,2.342,2.333,2.348,2.33,388162334.0
2022-12-13,2.334,2.305,2.336,2.303,362350429.0
2022-12-14,2.309,2.299,2.32,2.293,333566215.0
2022-12-15,2.299,2.326,2.33,2.295,435106195.0
2022-12-16,2.312,2.298,2.319,2.291,396639029.0
2022-12-19,2.304,2.274,2.317,2.267,447690442.0
2022-12-20,2.27,2.243,2.271,2.242,408480751.0
2022-12-21,2.244,2.24,2.253,2.225,339057832.0
2022-12-22,2.249,2.235,2.259,2.221,406770275.0
2022-12-23,2.216,2.222,2.236,2.207,436246900.0
2022-12-26,2.224,2.262,2.265,2.222,571469455.0
2022-12-27,2.268,2.293,2.295,2.256,565056044.0
2022-12-28,2.278,2.267,2.281,2.257,426917279.0
2022-12-29,2.255,2.277,2.295,2.252,439087769.0
2022-12-30,2.287,2.279,2.298,2.278,380227663.0
2023-01-03,2.267,2.289,2.293,2.246,415435034.0
2023-01-04,2.28,2.267,2.283,2.255,364283220.0
2023-01-05,2.276,2.33,2.334,2.274,660398898.0
2023-01-06,2.321,2.35,2.368,2.315,496565430.0
2023-01-09,2.361,2.365,2.382,2.356,319507271.0
2023-01-10,2.365,2.401,2.406,2.36,376398322.0
2023-01-11,2.401,2.374,2.409,2.369,292322728.0
2023-01-12,2.383,2.382,2.404,2.375,347597313.0
2023-01-13,2.397,2.417,2.417,2.388,379220161.0
2023-01-16,2.421,2.462,2.492,2.417,515887314.0
2023-01-17,2.465,2.47,2.483,2.46,246206514.0
2023-01-18,2.479,2.468,2.482,2.457,264109350.0
2023-01-19,2.465,2.496,2.498,2.454,301661804.0
2023-01-20,2.505,2.507,2.518,2.495,400846024.0
2023-01-30,2.577,2.533,2.579,2.532,568397682.0
2023-01-31,2.533,2.507,2.543,2.497,374504768.0
2023-02-01,2.516,2.537,2.538,2.495,463857096.0
2023-02-02,2.544,2.524,2.554,2.519,311955363.0
2023-02-03,2.515,2.5,2.527,2.475,463220984.0
2023-02-06,2.486,2.468,2.486,2.449,424024224.0
2023-02-07,2.474,2.461,2.482,2.445,396782526.0
2023-02-08,2.466,2.447,2.475,2.445,392946861.0
2023-02-09,2.444,2.493,2.496,2.44,473029358.0
2023-02-10,2.493,2.465,2.494,2.455,426409795.0
2023-02-13,2.463,2.495,2.502,2.463,400301131.0
2023-02-14,2.502,2.49,2.508,2.475,270949848.0
2023-02-15,2.488,2.468,2.498,2.466,275920364.0
2023-02-16,2.473,2.436,2.491,2.422,440439397.0
2023-02-17,2.433,2.378,2.439,2.375,594946763.0
2023-02-20,2.372,2.403,2.409,2.353,533365951.0
2023-02-21,2.401,2.395,2.407,2.378,378099800.0
2023-02-22,2.385,2.377,2.399,2.372,342061627.0
2023-02-23,2.379,2.385,2.398,2.374,384925671.0
2023-02-24,2.388,2.357,2.39,2.354,493528769.0
2023-02-27,2.347,2.34,2.362,2.333,505281300.0
2023-02-28,2.35,2.359,2.362,2.334,476687944.0
2023-03-01,2.358,2.372,2.378,2.344,641239839.0
2023-03-02,2.368,2.347,2.371,2.341,504645348.0
2023-03-03,2.353,2.352,2.362,2.332,563211585.0
2023-03-06,2.356,2.361,2.365,2.32,773804802.0
2023-03-07,2.354,2.312,2.359,2.311,895696416.0
2023-03-08,2.303,2.308,2.319,2.296,761173623.0
2023-03-09,2.309,2.303,2.316,2.296,694805094.0
2023-03-10,2.295,2.3,2.318,2.284,992962972.0
2023-03-13,2.295,2.287,2.306,2.276,1019589999.0
2023-03-14,2.285,2.276,2.287,2.238,1167430139.0
2023-03-15,2.285,2.268,2.303,2.266,1018744045.0
2023-03-16,2.257,2.233,2.265,2.23,1283576520.0
2023-03-17,2.248,2.228,2.252,2.221,1648031449.0
2023-03-20,2.229,2.226,2.25,2.213,1592100923.0
2023-03-21,2.233,2.265,2.266,2.232,1625921035.0
2023-03-22,2.27,2.27,2.286,2.26,1437067121.0
2023-03-23,2.262,2.288,2.288,2.259,862696993.0
2023-03-24,2.292,2.297,2.3,2.282,848559409.0
2023-03-27,2.293,2.323,2.325,2.29,1204912351.0
2023-03-28,2.322,2.298,2.322,2.293,617310942.0
2023-03-29,2.3,2.297,2.309,2.294,558502747.0
2023-03-30,2.3,2.313,2.313,2.29,565199458.0
2023-03-31,2.321,2.327,2.328,2.314,680843545.0
2023-04-03,2.327,2.366,2.37,2.327,1109615298.0
2023-04-04,2.366,2.35,2.367,2.336,776431390.0
2023-04-06,2.334,2.354,2.355,2.331,548706855.0
2023-04-07,2.351,2.369,2.38,2.347,568429137.0
2023-04-10,2.379,2.368,2.385,2.358,826441010.0
2023-04-11,2.367,2.362,2.386,2.351,505805374.0
2023-04-12,2.364,2.353,2.364,2.342,535620949.0
2023-04-13,2.345,2.332,2.352,2.332,441531604.0
2023-04-14,2.342,2.355,2.356,2.336,533887158.0
2023-04-17,2.354,2.364,2.366,2.348,422975200.0
2023-04-18,2.362,2.354,2.372,2.35,468656041.0
2023-04-19,2.356,2.339,2.356,2.338,309091279.0
2023-04-20,2.337,2.314,2.338,2.304,543487388.0
2023-04-21,2.318,2.269,2.326,2.268,691772625.0
2023-04-24,2.267,2.234,2.269,2.22,729423712.0
2023-04-25,2.236,2.193,2.241,2.178,1360845153.0
2023-04-26,2.187,2.226,2.238,2.184,1108303693.0
2023-04-27,2.219,2.24,2.247,2.215,459020843.0
2023-04-28,2.247,2.255,2.26,2.236,413314576.0
2023-05-04,2.253,2.23,2.253,2.224,384566957.0
2023-05-05,2.228,2.202,2.23,2.194,525795107.0
2023-05-08,2.21,2.213,2.214,2.188,776158104.0
2023-05-09,2.209,2.18,2.211,2.179,808962924.0
2023-05-10,2.176,2.199,2.21,2.166,1177438087.0
2023-05-11,2.201,2.211,2.229,2.2,831426855.0
2023-05-12,2.211,2.185,2.22,2.185,598689306.0
2023-05-15,2.192,2.234,2.235,2.19,691640344.0
2023-05-16,2.242,2.228,2.244,2.222,625001008.0
2023-05-17,2.23,2.229,2.236,2.217,622135261.0
2023-05-18,2.233,2.215,2.237,2.198,767041872.0
2023-05-19,2.212,2.215,2.229,2.206,447228331.0
2023-05-22,2.216,2.214,2.227,2.201,517290300.0
2023-05-23,2.216,2.187,2.218,2.186,693364445.0
2023-05-24,2.181,2.183,2.204,2.175,739504663.0
2023-05-25,2.179,2.184,2.194,2.166,812696688.0
2023-05-26,2.183,2.167,2.183,2.153,918184107.0
2023-05-29,2.171,2.143,2.177,2.136,712522485.0
2023-05-30,2.139,2.155,2.157,2.12,724969316.0
2023-05-31,2.149,2.131,2.153,2.125,849879478.0
2023-06-01,2.133,2.148,2.163,2.127,882644949.0
2023-06-02,2.156,2.175,2.179,2.152,787976875.0
2023-06-05,2.173,2.143,2.173,2.138,867213847.0
2023-06-06,2.14,2.106,2.141,2.102,901203189.0
2023-06-07,2.105,2.075,2.106,2.069,935942912.0
2023-06-08,2.075,2.071,2.083,2.064,936815159.0
2023-06-09,2.073,2.086,2.086,2.064,874565924.0
2023-06-12,2.08,2.095,2.106,2.076,759590789.0
2023-06-13,2.093,2.111,2.113,2.09,705803363.0
2023-06-14,2.115,2.106,2.121,2.106,682405991.0
2023-06-15,2.114,2.179,2.18,2.114,1894513924.0
2023-06-16,2.185,2.208,2.215,2.178,1071432329.0
2023-06-19,2.211,2.207,2.219,2.201,736784304.0
2023-06-20,2.203,2.21,2.22,2.199,579583067.0
2023-06-21,2.206,2.156,2.208,2.155,717516575.0
2023-06-26,2.14,2.133,2.158,2.118,692530200.0
2023-06-27,2.133,2.138,2.151,2.124,595913585.0
2023-06-28,2.134,2.126,2.135,2.107,646705709.0
2023-06-29,2.121,2.129,2.139,2.121,377461400.0
2023-06-30,2.126,2.164,2.174,2.118,1009143576.0
2023-07-03,2.168,2.171,2.185,2.16,558298527.0
2023-07-04,2.169,2.174,2.178,2.161,430654335.0
2023-07-05,2.176,2.156,2.182,2.152,397849000.0
2023-07-06,2.15,2.137,2.163,2.133,597872373.0
2023-07-07,2.13,2.118,2.132,2.116,474277941.0
2023-07-10,2.127,2.145,2.158,2.126,582323452.0
2023-07-11,2.147,2.161,2.162,2.138,370678896.0
2023-07-12,2.162,2.139,2.163,2.138,435312827.0
2023-07-13,2.151,2.182,2.182,2.151,634177956.0
2023-07-14,2.184,2.169,2.187,2.167,519181764.0
2023-07-17,2.163,2.152,2.164,2.142,364269795.0
2023-07-18,2.155,2.147,2.159,2.143,446288874.0
2023-07-19,2.145,2.125,2.148,2.117,679578094.0
2023-07-20,2.129,2.103,2.145,2.098,853623459.0
2023-07-21,2.1,2.11,2.123,2.097,537540301.0
2023-07-24,2.1,2.09,2.114,2.088,624224979.0
2023-07-25,2.123,2.136,2.14,2.113,934957464.0
2023-07-26,2.13,2.135,2.138,2.125,683781717.0
2023-07-27,2.14,2.129,2.15,2.125,494127457.0
2023-07-28,2.12,2.163,2.169,2.117,936686482.0
2023-07-31,2.172,2.182,2.199,2.172,660965287.0
2023-08-01,2.18,2.168,2.192,2.161,486445986.0
2023-08-02,2.166,2.164,2.177,2.158,406098632.0
2023-08-03,2.158,2.187,2.187,2.158,445575312.0
2023-08-04,2.21,2.204,2.225,2.19,886747451.0
2023-08-07,2.198,2.185,2.201,2.179,595173894.0
2023-08-08,2.183,2.177,2.19,2.171,526421685.0
2023-08-09,2.17,2.174,2.185,2.169,411631166.0
2023-08-10,2.173,2.184,2.186,2.165,473737627.0
2023-08-11,2.187,2.129,2.187,2.129,702368727.0
2023-08-14,2.112,2.113,2.115,2.087,765851696.0
2023-08-15,2.112,2.096,2.116,2.078,641605873.0
2023-08-16,2.085,2.082,2.102,2.08,467057983.0
2023-08-17,2.078,2.094,2.099,2.061,756313144.0
2023-08-18,2.09,2.065,2.101,2.064,622647459.0
2023-08-21,2.061,2.035,2.061,2.033,687195028.0
2023-08-22,2.043,2.038,2.05,1.998,1146018577.0
2023-08-23,2.023,1.987,2.028,1.984,905667448.0
2023-08-24,1.995,2.014,2.031,1.99,991409796.0
2023-08-25,2.0,1.991,2.007,1.982,682777133.0
2023-08-28,2.136,2.01,2.136,2.003,1312341802.0
2023-08-29,2.002,2.067,2.08,2.0,1096027917.0
2023-08-30,2.064,2.066,2.088,2.057,658646718.0
2023-08-31,2.062,2.052,2.064,2.048,409895941.0
2023-09-01,2.058,2.049,2.068,2.04,388520505.0
2023-09-04,2.058,2.067,2.069,2.038,679968051.0
2023-09-05,2.06,2.057,2.069,2.055,435085200.0
2023-09-06,2.05,2.049,2.053,2.037,448124258.0
2023-09-07,2.043,2.003,2.043,2.003,625392618.0
2023-09-08,2.0,1.998,2.005,1.987,469066896.0
2023-09-11,2.0,2.011,2.025,1.99,584037929.0
2023-09-12,2.007,1.998,2.012,1.997,426593799.0
2023-09-13,1.995,1.974,2.002,1.964,734514100.0
2023-09-14,1.969,1.96,1.974,1.952,705540431.0
2023-09-15,1.962,1.954,1.972,1.946,896520762.0
2023-09-18,1.951,1.968,1.982,1.946,772908104.0
2023-09-19,1.966,1.952,1.967,1.945,688245182.0
2023-09-20,1.947,1.936,1.952,1.935,549262359.0
2023-09-21,1.93,1.917,1.94,1.917,559424890.0
2023-09-22,1.913,1.964,1.964,1.911,974501148.0
2023-09-25,1.955,1.953,1.963,1.949,476078192.0
2023-09-26,1.951,1.938,1.958,1.938,454845902.0
2023-09-27,1.935,1.956,1.977,1.935,791895321.0
2023-09-28,1.958,1.953,1.968,1.945,496048624.0
2023-10-09,1.95,1.947,1.956,1.928,580112721.0
2023-10-10,1.954,1.938,1.962,1.936,458517775.0
2023-10-11,1.945,1.954,1.969,1.945,578796016.0
2023-10-12,1.969,1.968,1.971,1.951,509939716.0
2023-10-13,1.954,1.945,1.956,1.936,570836227.0
2023-10-16,1.945,1.906,1.947,1.9,771927807.0
2023-10-17,1.91,1.912,1.919,1.9,415257707.0
2023-10-18,1.906,1.887,1.906,1.885,578109825.0
2023-10-19,1.878,1.867,1.887,1.864,717269767.0
2023-10-20,1.86,1.85,1.874,1.845,734415500.0
2023-10-23,1.845,1.815,1.845,1.806,951548155.0
2023-10-24,1.818,1.832,1.842,1.812,847443361.0
2023-10-25,1.844,1.815,1.848,1.814,904460724.0
2023-10-26,1.802,1.829,1.83,1.793,846244015.0
2023-10-27,1.82,1.881,1.888,1.816,1323508741.0
2023-10-30,1.874,1.926,1.933,1.874,1482883041.0
2023-10-31,1.92,1.916,1.923,1.907,461418314.0
2023-11-01,1.921,1.908,1.923,1.899,435475245.0
2023-11-02,1.912,1.89,1.922,1.889,481502647.0
2023-11-03,1.894,1.918,1.925,1.894,625522007.0
2023-11-06,1.93,1.981,1.982,1.93,1073307431.0
2023-11-07,1.974,1.967,1.98,1.96,694565756.0
2023-11-08,1.964,1.971,1.983,1.957,696777573.0
2023-11-09,1.968,1.967,1.983,1.961,576008578.0
2023-11-10,1.958,1.955,1.96,1.948,505557927.0
2023-11-13,1.965,1.958,1.97,1.945,508384042.0
2023-11-14,1.957,1.953,1.973,1.943,599259509.0
2023-11-15,1.98,1.963,1.983,1.956,651342175.0
2023-11-16,1.961,1.925,1.962,1.925,742839749.0
2023-11-17,1.92,1.934,1.935,1.918,369854251.0
2023-11-20,1.934,1.942,1.947,1.918,602010387.0
2023-11-21,1.949,1.931,1.962,1.928,759957242.0
2023-11-22,1.923,1.899,1.93,1.899,773629987.0
2023-11-23,1.898,1.911,1.912,1.891,508292678.0
2023-11-24,1.908,1.888,1.91,1.885,547588358.0
2023-11-27,1.883,1.878,1.886,1.868,479283610.0
2023-11-28,1.874,1.89,1.89,1.87,404416755.0
2023-11-29,1.886,1.867,1.888,1.867,450992537.0
2023-11-30,1.869,1.874,1.884,1.863,446459400.0
2023-12-01,1.873,1.881,1.887,1.856,631200711.0
2023-12-04,1.878,1.858,1.88,1.858,656821120.0
2023-12-05,1.854,1.823,1.857,1.822,733446934.0
2023-12-06,1.818,1.834,1.85,1.816,535123528.0
2023-12-07,1.828,1.829,1.841,1.817,502106061.0
2023-12-08,1.831,1.843,1.848,1.823,491846206.0
2023-12-11,1.836,1.868,1.872,1.819,967030082.0
2023-12-12,1.861,1.856,1.865,1.851,0.0
2023-12-13,1.85,1.822,1.85,1.822,694101415.0
2023-12-14,1.833,1.812,1.846,1.812,0.0
2023-12-15,1.82,1.802,1.83,1.795,0.0
2023-12-18,1.792,1.773,1.799,1.767,663673250.0
2023-12-19,1.771,1.781,1.791,1.767,663599408.0
2023-12-20,1.783,1.755,1.787,1.755,743595696.0
2023-12-21,1.749,1.787,1.794,1.747,965993397.0
2023-12-22,1.779,1.78,1.801,1.766,884137215.0
2023-12-25,1.777,1.783,1.791,1.772,570330401.0
2023-12-26,1.78,1.761,1.781,1.753,818580114.0
2023-12-27,1.762,1.763,1.771,1.75,653687815.0
2023-12-28,1.761,1.833,1.84,1.757,1588449099.0
2023-12-29,1.828,1.842,1.848,1.827,749327441.0
2024-01-02,1.842,1.806,1.842,1.806,708913360.0
2024-01-03,1.802,1.787,1.809,1.778,788716184.0
2024-01-04,1.783,1.754,1.786,1.748,1075385099.0
2024-01-05,1.751,1.728,1.768,1.72,1180603065.0
2024-01-08,1.724,1.699,1.734,1.698,1242198954.0
2024-01-09,1.702,1.706,1.729,1.691,1256151656.0
2024-01-10,1.696,1.698,1.726,1.681,1106678416.0
2024-01-11,1.694,1.732,1.744,1.694,1370393609.0
2024-01-12,1.722,1.714,1.739,1.713,1012545700.0
2024-01-15,1.702,1.698,1.72,1.692,851791011.0
2024-01-16,1.692,1.708,1.709,1.679,1284760475.0
2024-01-17,1.7,1.656,1.7,1.653,1265337918.0
2024-01-18,1.643,1.683,1.69,1.635,1688088523.0
2024-01-19,1.675,1.669,1.697,1.669,1486453132.0
2024-01-22,1.663,1.623,1.67,1.612,1302284360.0
2024-01-23,1.62,1.642,1.656,1.612,1408814153.0
2024-01-24,1.65,1.65,1.657,1.599,1502149290.0
2024-01-25,1.641,1.675,1.676,1.628,1785198899.0
2024-01-26,1.665,1.637,1.67,1.633,1396533540.0
2024-01-29,1.638,1.58,1.643,1.58,1686528696.0
2024-01-30,1.57,1.544,1.589,1.541,1595555816.0
2024-01-31,1.544,1.533,1.56,1.53,1866133206.0
2024-02-01,1.527,1.548,1.574,1.522,1981325768.0
2024-02-02,1.546,1.508,1.554,1.471,2553627718.0
2024-02-05,1.491,1.527,1.56,1.444,6284794220.0
2024-02-06,1.508,1.623,1.624,1.502,3688075091.0
2024-02-07,1.622,1.66,1.666,1.614,4361891060.0
2024-02-08,1.67,1.681,1.718,1.669,2560367620.0
2024-02-19,1.704,1.697,1.707,1.675,2281919883.0
2024-02-20,1.688,1.696,1.701,1.676,1332943721.0
2024-02-21,1.681,1.703,1.736,1.676,1237167433.0
2024-02-22,1.7,1.71,1.714,1.694,960793958.0
2024-02-23,1.717,1.709,1.719,1.695,839875547.0
2024-02-26,1.706,1.704,1.72,1.69,1231141476.0
2024-02-27,1.696,1.746,1.746,1.694,1214852778.0
2024-02-28,1.749,1.701,1.78,1.701,1864987538.0
2024-02-29,1.696,1.761,1.762,1.693,1424778162.0
2024-03-01,1.757,1.775,1.781,1.746,1288194720.0
2024-03-04,1.773,1.783,1.796,1.767,962685627.0
2024-03-05,1.771,1.78,1.794,1.765,3446431998.0
2024-03-06,1.773,1.782,1.805,1.761,1500724206.0
2024-03-07,1.779,1.742,1.788,1.74,1219475363.0
2024-03-08,1.745,1.756,1.763,1.73,822748925.0
2024-03-11,1.76,1.84,1.84,1.76,2012724290.0
2024-03-12,1.845,1.851,1.863,1.832,1113893870.0
2024-03-13,1.854,1.841,1.859,1.838,893689364.0
2024-03-14,1.841,1.832,1.86,1.818,827895132.0
2024-03-15,1.825,1.833,1.836,1.796,1076474699.0
2024-03-18,1.85,1.875,1.875,1.848,1421189585.0
2024-03-19,1.87,1.853,1.873,1.852,790305384.0
2024-03-20,1.848,1.856,1.862,1.844,617123607.0
2024-03-21,1.86,1.846,1.868,1.844,710884938.0
2024-03-22,1.843,1.817,1.844,1.808,1066712085.0
2024-03-25,1.809,1.781,1.819,1.781,1158324590.0
2024-03-26,1.782,1.792,1.805,1.777,1014158890.0
2024-03-27,1.787,1.742,1.788,1.741,759903151.0
2024-03-28,1.74,1.758,1.778,1.738,739077416.0
2024-03-29,1.756,1.768,1.773,1.75,598869727.0
2024-04-01,1.78,1.822,1.822,1.78,883013533.0
2024-04-02,1.822,1.808,1.822,1.801,640194903.0
2024-04-03,1.804,1.79,1.804,1.789,460926972.0
2024-04-08,1.785,1.758,1.789,1.756,539691331.0
2024-04-09,1.759,1.777,1.778,1.752,486469617.0
2024-04-10,1.774,1.739,1.774,1.731,900005281.0
2024-04-11,1.725,1.731,1.752,1.725,724619007.0
2024-04-12,1.73,1.713,1.74,1.711,725132373.0
2024-04-15,1.712,1.746,1.757,1.712,1135792622.0
2024-04-16,1.74,1.713,1.742,1.709,756146236.0
2024-04-17,1.718,1.747,1.748,1.718,631105956.0
2024-04-18,1.739,1.738,1.759,1.717,723180629.0
2024-04-19,1.725,1.705,1.728,1.692,843747450.0
2024-04-22,1.695,1.703,1.718,1.687,511959306.0
2024-04-23,1.708,1.705,1.716,1.693,477287894.0
2024-04-24,1.709,1.719,1.72,1.696,544465144.0
2024-04-25,1.71,1.716,1.73,1.7,591638977.0
2024-04-26,1.717,1.774,1.777,1.717,1045562882.0
2024-04-29,1.78,1.837,1.854,1.78,1233080828.0
2024-04-30,1.837,1.816,1.837,1.816,715833999.0
2024-05-06,1.852,1.853,1.863,1.846,869089056.0
2024-05-07,1.851,1.85,1.857,1.844,555116244.0
2024-05-08,1.847,1.821,1.847,1.82,592679800.0
2024-05-09,1.828,1.856,1.86,1.828,759364800.0
2024-05-10,1.858,1.84,1.859,1.829,634573290.0
2024-05-13,1.819,1.817,1.835,1.808,550642700.0
2024-05-14,1.821,1.813,1.831,1.809,513724454.0
2024-05-15,1.814,1.797,1.823,1.795,639722365.0
2024-05-16,1.806,1.801,1.819,1.794,659468880.0
2024-05-17,1.795,1.824,1.825,1.791,708980647.0
2024-05-20,1.828,1.831,1.844,1.823,823089781.0
2024-05-21,1.826,1.818,1.831,1.813,450842056.0
2024-05-22,1.819,1.839,1.842,1.814,743467414.0
2024-05-23,1.837,1.811,1.837,1.807,659988869.0
2024-05-24,1.804,1.781,1.821,1.778,682831899.0
2024-05-27,1.784,1.792,1.793,1.762,621923869.0
2024-05-28,1.784,1.769,1.789,1.766,423728843.0
2024-05-29,1.768,1.772,1.793,1.765,681760700.0
2024-05-30,1.772,1.777,1.783,1.767,457519100.0
2024-05-31,1.781,1.772,1.794,1.77,519931443.0
2024-06-03,1.769,1.782,1.786,1.764,553437146.0
2024-06-04,1.778,1.806,1.812,1.777,745020494.0
2024-06-05,1.805,1.796,1.821,1.796,529841662.0
2024-06-06,1.804,1.785,1.808,1.778,657750919.0
2024-06-07,1.784,1.748,1.786,1.729,1001784458.0
2024-06-11,1.735,1.752,1.757,1.727,603465510.0
2024-06-12,1.746,1.743,1.754,1.742,394380200.0
2024-06-13,1.752,1.742,1.766,1.741,724504200.0
2024-06-14,1.745,1.756,1.762,1.726,648735541.0
2024-06-17,1.746,1.768,1.775,1.743,608888400.0
2024-06-18,1.769,1.776,1.785,1.766,492435065.0
2024-06-19,1.781,1.753,1.783,1.752,630364710.0
2024-06-20,1.75,1.728,1.758,1.727,594462010.0
2024-06-21,1.725,1.723,1.729,1.709,606289500.0
2024-06-24,1.711,1.696,1.721,1.693,735995842.0
2024-06-25,1.694,1.666,1.698,1.657,888854570.0
2024-06-26,1.665,1.699,1.7,1.662,766865883.0
2024-06-27,1.689,1.67,1.689,1.669,721433264.0
2024-06-28,1.665,1.652,1.688,1.647,756079060.0
2024-07-01,1.648,1.65,1.658,1.621,868099709.0
2024-07-02,1.643,1.633,1.652,1.627,692631751.0
2024-07-03,1.633,1.629,1.645,1.616,741643774.0
2024-07-04,1.633,1.616,1.643,1.615,716873865.0
2024-07-05,1.615,1.623,1.63,1.601,813820537.0
2024-07-08,1.615,1.596,1.62,1.592,793613042.0
2024-07-09,1.594,1.62,1.629,1.584,1100880992.0
2024-07-10,1.609,1.618,1.636,1.608,776889000.0
2024-07-11,1.64,1.654,1.664,1.627,965745652.0
2024-07-12,1.648,1.653,1.661,1.64,833284352.0
2024-07-15,1.644,1.64,1.648,1.633,791256244.0
2024-07-16,1.638,1.664,1.665,1.637,875855545.0
2024-07-17,1.66,1.663,1.674,1.653,783429981.0
2024-07-18,1.653,1.686,1.687,1.649,2080696228.0
2024-07-19,1.673,1.692,1.699,1.672,1470068545.0
2024-07-22,1.693,1.693,1.702,1.679,772695673.0
2024-07-23,1.691,1.64,1.691,1.639,760674858.0
2024-07-24,1.634,1.619,1.651,1.614,671540405.0
2024-07-25,1.61,1.614,1.627,1.607,564990756.0
2024-07-26,1.617,1.627,1.638,1.615,750258059.0
2024-07-29,1.622,1.604,1.623,1.603,572442768.0
2024-07-30,1.6,1.601,1.607,1.591,610603538.0
2024-07-31,1.594,1.658,1.658,1.592,1432051900.0
2024-08-01,1.659,1.636,1.663,1.631,903043900.0
2024-08-02,1.621,1.609,1.639,1.604,1119024276.0
2024-08-05,1.592,1.576,1.625,1.576,1257983773.0
2024-08-06,1.594,1.597,1.607,1.581,893255174.0
2024-08-07,1.593,1.589,1.601,1.587,688750762.0
2024-08-08,1.582,1.582,1.599,1.568,893844578.0
2024-08-09,1.59,1.566,1.598,1.566,819608200.0
2024-08-12,1.566,1.563,1.572,1.558,646270400.0
2024-08-13,1.562,1.578,1.578,1.558,763605725.0
2024-08-14,1.575,1.555,1.576,1.554,879850384.0
2024-08-15,1.551,1.565,1.579,1.55,1380274479.0
2024-08-16,1.564,1.561,1.573,1.558,655459444.0
2024-08-19,1.56,1.559,1.577,1.557,794377400.0
2024-08-20,1.561,1.539,1.562,1.536,936758543.0
2024-08-21,1.532,1.529,1.543,1.527,734193701.0
2024-08-22,1.53,1.516,1.534,1.515,855591700.0
2024-08-23,1.512,1.517,1.526,1.509,1209725805.0
2024-08-26,1.517,1.515,1.528,1.511,705268982.0
2024-08-27,1.511,1.5,1.512,1.497,795111890.0
2024-08-28,1.499,1.501,1.505,1.494,788319730.0
2024-08-29,1.488,1.513,1.522,1.484,1840128965.0
2024-08-30,1.511,1.552,1.571,1.511,2067004415.0
2024-09-02,1.547,1.507,1.552,1.506,1586730030.0
2024-09-03,1.504,1.525,1.532,1.503,1101524700.0
2024-09-04,1.512,1.525,1.54,1.51,978509626.0
2024-09-05,1.525,1.536,1.546,1.524,862451200.0
2024-09-06,1.535,1.508,1.538,1.508,989684600.0
2024-09-09,1.5,1.513,1.519,1.498,1813528856.0
2024-09-10,1.514,1.512,1.524,1.495,1541258816.0
2024-09-11,1.51,1.528,1.534,1.507,1435229316.0
2024-09-12,1.536,1.525,1.549,1.521,1261776253.0
2024-09-13,1.525,1.509,1.528,1.508,878423707.0
2024-09-18,1.505,1.504,1.513,1.494,965714800.0
2024-09-19,1.511,1.519,1.537,1.492,1839423710.0
2024-09-20,1.516,1.508,1.517,1.498,2092058400.0
2024-09-23,1.507,1.501,1.52,1.5,1303535933.0
2024-09-24,1.515,1.587,1.588,1.504,3337729544.0
2024-09-25,1.621,1.61,1.649,1.609,2673008266.0
2024-09-26,1.604,1.686,1.686,1.595,2844215463.0
2024-09-27,1.713,1.86,1.89,1.713,5612598482.0
2024-09-30,2.0,2.232,2.232,1.928,6977214473.0
2024-10-08,2.678,2.678,2.678,2.29,18567726532.0
2024-10-09,2.41,2.242,2.478,2.238,16461881315.0
2024-10-10,2.241,2.174,2.297,2.137,8062551631.0
2024-10-11,2.134,2.06,2.152,2.026,7299528756.0
2024-10-14,2.078,2.116,2.124,2.022,5700479873.0
2024-10-15,2.094,2.045,2.135,2.045,4378476181.0
2024-10-16,2.001,2.0,2.044,1.989,3815133051.0
2024-10-17,2.019,1.995,2.042,1.993,3136105541.0
2024-10-18,1.986,2.156,2.256,1.986,8169588546.0
2024-10-21,2.162,2.167,2.225,2.139,5290536333.0
2024-10-22,2.158,2.175,2.186,2.139,2731476861.0
2024-10-23,2.166,2.162,2.211,2.145,3045440403.0
2024-10-24,2.149,2.132,2.161,2.126,1999647292.0
2024-10-25,2.147,2.196,2.236,2.138,4185661608.0
2024-10-28,2.193,2.188,2.193,2.158,2035712102.0
2024-10-29,2.191,2.135,2.198,2.133,2679460409.0
2024-10-30,2.119,2.111,2.138,2.086,2306501650.0
2024-10-31,2.105,2.122,2.164,2.09,3127668969.0
2024-11-01,2.104,2.084,2.125,2.08,0.0
2024-11-04,2.081,2.145,2.146,2.08,2083738600.0
2024-11-05,2.144,2.249,2.258,2.13,5248183767.0
2024-11-06,2.249,2.223,2.316,2.202,4598609726.0
2024-11-07,2.202,2.306,2.306,2.198,3602781575.0
2024-11-08,2.355,2.282,2.365,2.274,3498492991.0
2024-11-11,2.25,2.349,2.35,2.249,3186116488.0
2024-11-12,2.365,2.345,2.402,2.316,3223053432.0
2024-11-13,2.325,2.372,2.381,2.3,2853985135.0
2024-11-14,2.37,2.288,2.372,2.285,2166119864.0
2024-11-15,2.276,2.204,2.294,2.201,2724669211.0
2024-11-18,2.205,2.149,2.219,2.132,2860946863.0
2024-11-19,2.155,2.215,2.219,2.132,3152990214.0
2024-11-20,2.201,2.223,2.24,2.195,2395697876.0
2024-11-21,2.213,2.223,2.237,2.206,1552623895.0
2024-11-22,2.218,2.136,2.226,2.133,2025684308.0
2024-11-25,2.14,2.132,2.151,2.1,1994601712.0
2024-11-26,2.122,2.109,2.146,2.107,1388130768.0
2024-11-27,2.1,2.165,2.167,2.079,2381260478.0
2024-11-28,2.162,2.128,2.165,2.124,1581214159.0
2024-11-29,2.122,2.179,2.221,2.12,3069830207.0
2024-12-02,2.172,2.211,2.218,2.166,2074856913.0
2024-12-03,2.211,2.198,2.219,2.182,1591681412.0
2024-12-04,2.195,2.17,2.203,2.161,1408311822.0
2024-12-05,2.167,2.177,2.195,2.163,1088127980.0
2024-12-06,2.18,2.224,2.247,2.17,2590327932.0
2024-12-09,2.219,2.206,2.23,2.185,1491824413.0
2024-12-10,2.32,2.221,2.32,2.214,3532884251.0
2024-12-11,2.215,2.218,2.235,2.209,1440691244.0
2024-12-12,2.217,2.248,2.258,2.212,1910954845.0
2024-12-13,2.231,2.193,2.233,2.19,1780555011.0
2024-12-16,2.19,2.158,2.192,2.148,1255253661.0
2024-12-17,2.156,2.159,2.189,2.153,1695995491.0
2024-12-18,2.167,2.158,2.173,2.15,1073433814.0
2024-12-19,2.137,2.171,2.178,2.132,1448207591.0
2024-12-20,2.166,2.169,2.19,2.157,1255558193.0
2024-12-23,2.163,2.147,2.18,2.142,1300841400.0
2024-12-24,2.148,2.17,2.172,2.143,1558187982.0
2024-12-25,2.173,2.156,2.175,2.144,1159452844.0
2024-12-26,2.16,2.166,2.176,2.152,1065508375.0
2024-12-27,2.166,2.163,2.192,2.154,1482658799.0
2024-12-30,2.158,2.165,2.174,2.155,1020296318.0
2024-12-31,2.162,2.102,2.165,2.101,1904747573.0
2025-01-02,2.096,2.019,2.097,2.0,2299909269.0
2025-01-03,2.02,1.978,2.027,1.976,2016672390.0
2025-01-06,1.978,1.976,1.994,1.962,1679476900.0
2025-01-07,1.965,1.99,1.99,1.951,1695431321.0
2025-01-08,1.975,1.968,1.99,1.925,2279532895.0
2025-01-09,1.956,1.971,1.985,1.954,1352568136.0
2025-01-10,1.967,1.938,1.983,1.938,1206162209.0
2025-01-13,1.916,1.942,1.959,1.916,1351760825.0
2025-01-14,1.95,2.036,2.037,1.942,2836315455.0
2025-01-15,2.022,1.999,2.025,1.992,1750519097.0
2025-01-16,2.009,2.01,2.044,1.99,1933073844.0
2025-01-17,1.999,2.026,2.043,1.998,1607214473.0
2025-01-20,2.047,2.062,2.077,2.046,1935127801.0
2025-01-21,2.081,2.07,2.083,2.048,1065999429.0
2025-01-22,2.063,2.059,2.069,2.041,1110611438.0
2025-01-23,2.082,2.052,2.11,2.052,1738134066.0
2025-01-24,2.045,2.084,2.092,2.044,1501141344.0
2025-01-27,2.086,2.028,2.087,2.028,1424693201.0
2025-02-05,2.043,2.024,2.047,2.016,1104967502.0
2025-02-06,2.022,2.08,2.082,2.017,1701774951.0
2025-02-07,2.08,2.131,2.159,2.08,2746998348.0
2025-02-10,2.14,2.142,2.147,2.114,1322839817.0
2025-02-11,2.141,2.113,2.142,2.11,1067453235.0
2025-02-12,2.107,2.15,2.154,2.101,1562336440.0
2025-02-13,2.145,2.135,2.163,2.133,1498365582.0
2025-02-14,2.134,2.174,2.181,2.132,2157786096.0
2025-02-17,2.198,2.182,2.2,2.166,1650052695.0
2025-02-18,2.178,2.14,2.19,2.131,1336311044.0
2025-02-19,2.136,2.185,2.186,2.133,1381906367.0
2025-02-20,2.179,2.184,2.191,2.161,1007331983.0
2025-02-21,2.185,2.239,2.242,2.185,1818252273.0
2025-02-24,2.232,2.221,2.24,2.201,1544732365.0
2025-02-25,2.189,2.197,2.222,2.185,1455833590.0
2025-02-26,2.199,2.223,2.225,2.19,1344108588.0
2025-02-27,2.224,2.212,2.237,2.183,1342483472.0
2025-02-28,2.197,2.128,2.198,2.123,1895179214.0
2025-03-03,2.133,2.154,2.189,2.12,2012943656.0
2025-03-04,2.131,2.149,2.151,2.12,1075561554.0
2025-03-05,2.147,2.149,2.159,2.131,958304531.0
2025-03-06,2.162,2.191,2.2,2.16,1763060623.0
2025-03-07,2.181,2.16,2.183,2.152,1259617935.0
2025-03-10,2.166,2.159,2.174,2.14,1057825706.0
2025-03-11,2.135,2.159,2.161,2.131,1109701187.0
2025-03-12,2.17,2.149,2.172,2.148,1044119531.0
2025-03-13,2.146,2.125,2.158,2.113,1114060701.0
2025-03-14,2.125,2.186,2.19,2.12,1964722065.0
2025-03-17,2.188,2.173,2.191,2.169,1018689200.0
2025-03-18,2.182,2.185,2.201,2.173,1116734054.0
2025-03-19,2.181,2.178,2.195,2.166,956447233.0
2025-03-20,2.178,2.158,2.18,2.155,874402155.0
2025-03-21,2.153,2.112,2.159,2.108,1421201720.0
2025-03-24,2.11,2.112,2.118,2.084,942742271.0
2025-03-25,2.112,2.105,2.123,2.094,933635170.0
2025-03-26,2.1,2.098,2.117,2.097,883948452.0
2025-03-27,2.093,2.103,2.125,2.076,934864047.0
2025-03-28,2.101,2.089,2.112,2.087,816200600.0
2025-03-31,2.079,2.064,2.083,2.047,1231822143.0
2025-04-01,2.067,2.062,2.087,2.06,930483877.0
2025-04-02,2.062,2.064,2.081,2.057,730318817.0
2025-04-03,2.042,2.027,2.057,2.018,1562642278.0
2025-04-07,1.93,1.775,1.931,1.721,6950586760.0
2025-04-08,1.792,1.804,1.844,1.777,2929732212.0
2025-04-09,1.762,1.823,1.838,1.743,3192985707.0
2025-04-10,1.88,1.863,1.908,1.86,2909461825.0
2025-04-11,1.845,1.892,1.907,1.844,1860534888.0
2025-04-14,1.915,1.895,1.919,1.892,1303328059.0
2025-04-15,1.895,1.893,1.903,1.881,994336404.0
2025-04-16,1.885,1.87,1.885,1.844,1728180934.0
2025-04-17,1.859,1.873,1.887,1.856,1108408392.0
2025-04-18,1.865,1.878,1.881,1.862,888856981.0
2025-04-21,1.874,1.908,1.91,1.865,1228790651.0
2025-04-22,1.903,1.899,1.911,1.895,868982666.0
2025-04-23,1.917,1.919,1.933,1.906,1517964084.0
2025-04-24,1.916,1.907,1.929,1.902,1220739638.0
2025-04-25,1.913,1.92,1.932,1.908,1202452000.0
2025-04-28,1.918,1.906,1.921,1.901,699126100.0
2025-04-29,1.902,1.903,1.912,1.895,679507027.0
2025-04-30,1.905,1.921,1.926,1.904,1065559528.0
2025-05-06,1.936,1.958,1.959,1.935,1039514455.0
2025-05-07,1.995,1.967,2.007,1.953,1734873221.0
2025-05-08,1.963,2.001,2.006,1.961,1580404668.0
2025-05-09,2.0,1.984,2.001,1.975,820913201.0
2025-05-12,2.013,2.037,2.037,2.007,1558494886.0
2025-05-13,2.062,2.03,2.065,2.027,1095212169.0
2025-05-14,2.032,2.054,2.074,2.021,1221065338.0
2025-05-15,2.046,2.012,2.047,2.012,853339514.0
2025-05-16,2.006,2.008,2.02,2.005,594697516.0
2025-05-19,2.006,2.002,2.008,1.988,737994990.0
2025-05-20,2.009,2.018,2.031,1.997,784444646.0
2025-05-21,2.02,2.034,2.047,2.019,1024128512.0
2025-05-22,2.036,2.016,2.037,2.014,561539403.0
2025-05-23,2.015,1.994,2.03,1.994,727237904.0
2025-05-26,1.99,1.977,1.997,1.965,753296212.0
2025-05-27,1.976,1.967,1.976,1.957,746429114.0
2025-05-28,1.969,1.959,1.975,1.956,719516754.0
2025-05-29,1.962,1.989,1.991,1.961,934137946.0
2025-05-30,1.98,1.972,1.98,1.963,661225455.0
2025-06-03,1.961,1.977,1.987,1.96,575877829.0
2025-06-04,1.983,2.0,2.006,1.982,738909333.0
2025-06-05,2.001,2.023,2.029,1.989,808452949.0
2025-06-06,2.022,2.017,2.027,2.01,514750401.0
2025-06-09,2.02,2.034,2.051,2.02,844534684.0
2025-06-10,2.034,2.012,2.041,1.999,938502285.0
2025-06-11,2.016,2.038,2.053,2.016,873272046.0
2025-06-12,2.033,2.04,2.052,2.027,612476040.0
2025-06-13,2.033,2.02,2.042,2.015,730211530.0
2025-06-16,2.019,2.037,2.039,2.016,497644794.0
2025-06-17,2.04,2.028,2.041,2.023,425257474.0
2025-06-18,2.027,2.034,2.038,2.017,493112727.0
2025-06-19,2.028,2.005,2.036,2.0,698947902.0
2025-06-20,2.005,1.988,2.015,1.987,592674400.0
2025-06-23,1.98,1.998,2.001,1.975,606865720.0
2025-06-24,2.004,2.044,2.044,2.003,1238842943.0
2025-06-25,2.05,2.109,2.113,2.05,1638197267.0
2025-06-26,2.109,2.093,2.121,2.092,1104073901.0
2025-06-27,2.1,2.101,2.125,2.091,1132678036.0
2025-06-30,2.11,2.133,2.134,2.106,1063413134.0
2025-07-01,2.128,2.126,2.131,2.112,675800751.0
2025-07-02,2.123,2.104,2.123,2.097,686930771.0
2025-07-03,2.11,2.141,2.147,2.108,1043751582.0
2025-07-04,2.141,2.133,2.167,2.131,1077084673.0
2025-07-07,2.126,2.11,2.134,2.106,763151365.0
2025-07-08,2.109,2.159,2.161,2.107,1259122742.0
2025-07-09,2.157,2.163,2.183,2.155,1122364524.0
2025-07-10,2.17,2.169,2.179,2.153,845535637.0
2025-07-11,2.169,2.185,2.202,2.159,1141929926.0
2025-07-14,2.18,2.177,2.187,2.167,666132475.0
2025-07-15,2.184,2.212,2.223,2.184,1427317746.0
2025-07-16,2.217,2.206,2.237,2.205,801457056.0
2025-07-17,2.205,2.247,2.247,2.204,961569362.0
2025-07-18,2.256,2.252,2.274,2.241,944040957.0
2025-07-21,2.258,2.275,2.275,2.251,991144198.0
2025-07-22,2.274,2.289,2.291,2.267,1078462481.0
2025-07-23,2.288,2.287,2.31,2.281,1233562231.0
2025-07-24,2.297,2.325,2.325,2.291,1034695230.0
2025-07-25,2.326,2.318,2.326,2.308,761029232.0
2025-07-28,2.322,2.342,2.344,2.311,864799530.0
2025-07-29,2.338,2.383,2.384,2.332,1042305253.0
2025-07-30,2.378,2.345,2.378,2.325,1795294339.0
2025-07-31,2.354,2.301,2.37,2.299,1980383619.0
2025-08-01,2.296,2.303,2.324,2.281,1137125338.0
2025-08-04,2.285,2.313,2.313,2.282,765103895.0
2025-08-05,2.326,2.32,2.328,2.3,1046431524.0
2025-08-06,2.314,2.336,2.338,2.312,869174240.0
2025-08-07,2.338,2.32,2.35,2.3,1103568855.0
2025-08-08,2.314,2.312,2.331,2.307,746176413.0
2025-08-11,2.317,2.357,2.362,2.312,1159751841.0
2025-08-12,2.358,2.385,2.385,2.345,1112049474.0
2025-08-13,2.395,2.473,2.475,2.391,1897685098.0
2025-08-14,2.473,2.446,2.489,2.438,1489282660.0
2025-08-15,2.435,2.509,2.518,2.435,1427117283.0
2025-08-18,2.52,2.582,2.608,2.504,2296931519.0
2025-08-19,2.575,2.575,2.61,2.561,1635409032.0
2025-08-20,2.551,2.588,2.588,2.524,2059444126.0
2025-08-21,2.589,2.572,2.605,2.558,1882804391.0
2025-08-22,2.566,2.662,2.663,2.563,2165908940.0
2025-08-25,2.693,2.737,2.76,2.675,2751414023.0
2025-08-26,2.727,2.716,2.75,2.702,2091832159.0
2025-08-27,2.716,2.696,2.796,2.696,2943477589.0
2025-08-28,2.68,2.806,2.807,2.677,2682020771.0
2025-08-29,2.799,2.865,2.909,2.78,2476060762.0
2025-09-01,2.88,2.927,2.932,2.859,2064101171.0
2025-09-02,2.922,2.848,2.954,2.815,3020220527.0
2025-09-03,2.852,2.87,2.899,2.832,2918703247.0
2025-09-04,2.899,2.751,2.93,2.716,3504601930.0
2025-09-05,2.75,2.944,2.947,2.749,2742078899.0
2025-09-08,2.946,2.908,2.951,2.856,2496878153.0
2025-09-09,2.866,2.845,2.898,2.818,1704675452.0
2025-09-10,2.857,2.875,2.9,2.833,1859579380.0
2025-09-11,2.883,3.025,3.027,2.871,2629737283.0
2025-09-12,3.01,2.995,3.033,2.982,2125362296.0
2025-09-15,3.006,3.037,3.08,3.006,1713662026.0
2025-09-16,3.039,3.059,3.064,2.993,1888634980.0
2025-09-17,3.055,3.119,3.125,3.036,1668757276.0
2025-09-18,3.115,3.067,3.141,3.024,2719063197.0
2025-09-19,3.067,3.062,3.101,3.046,1712231771.0
2025-09-22,3.068,3.082,3.082,3.026,1382078742.0
2025-09-23,3.115,3.093,3.13,3.015,2232003421.0
2025-09-24,3.063,3.16,3.162,3.061,1944989513.0
2025-09-25,3.15,3.211,3.24,3.134,1625732422.0
2025-09-26,3.193,3.129,3.226,3.126,1692755881.0
2025-09-29,3.126,3.213,3.233,3.126,1632847130.0
2025-09-30,3.221,3.217,3.254,3.194,1240171175.0
2025-10-09,3.217,3.235,3.297,3.217,1743566568.0
2025-10-10,3.201,3.095,3.217,3.072,2227643125.0
2025-10-13,2.952,3.054,3.073,2.951,2223548267.0
2025-10-14,3.093,2.934,3.106,2.92,2411647285.0
2025-10-15,2.932,3.003,3.01,2.905,1877004280.0
2025-10-16,2.984,3.014,3.044,2.978,1548870353.0
2025-10-17,3.002,2.915,3.021,2.91,1552640674.0
2025-10-20,2.976,2.971,3.02,2.948,1556678678.0
2025-10-21,2.999,3.062,3.078,2.972,1735963311.0
2025-10-22,3.037,3.039,3.067,3.02,1174128749.0
2025-10-23,3.021,3.038,3.045,2.98,998545786.0
2025-10-24,3.069,3.147,3.147,3.058,1494880490.0
2025-10-27,3.209,3.209,3.218,3.155,1509668463.0
2025-10-28,3.189,3.205,3.258,3.181,1353329704.0
2025-10-29,3.235,3.3,3.3,3.234,1370135646.0
2025-10-30,3.296,3.239,3.308,3.235,1406883999.0
2025-10-31,3.235,3.166,3.258,3.164,1495642875.0
2025-11-03,3.152,3.176,3.178,3.098,1291988794.0
2025-11-04,3.166,3.112,3.184,3.087,1277900258.0
2025-11-05,3.06,3.142,3.157,3.046,1312861492.0
2025-11-06,3.158,3.201,3.213,3.153,1334422974.0
2025-11-07,3.184,3.185,3.218,3.155,970514620.0
2025-11-10,3.2,3.158,3.215,3.117,1174688849.0
2025-11-11,3.175,3.113,3.188,3.107,1057309779.0
2025-11-12,3.095,3.108,3.116,3.058,1181466117.0
2025-11-13,3.094,3.182,3.188,3.086,1601868261.0
2025-11-14,3.146,3.093,3.146,3.091,1221752298.0
2025-11-17,3.074,3.084,3.101,3.06,982889105.0
2025-11-18,3.069,3.051,3.095,3.032,1252458681.0
2025-11-19,3.051,3.057,3.092,3.041,1325419541.0
2025-11-20,3.106,3.026,3.113,3.019,1380802267.0
2025-11-21,2.99,2.904,2.99,2.903,2381325432.0
2025-11-24,2.925,2.908,2.932,2.873,1510800887.0
2025-11-25,2.951,2.961,3.008,2.94,2184713731.0
2025-11-26,2.955,3.027,3.061,2.943,1826348317.0
2025-11-27,3.018,3.012,3.093,3.007,1249768716.0
2025-11-28,3.008,3.035,3.048,2.993,909253540.0
2025-12-01,3.044,3.073,3.074,3.017,1004677236.0
2025-12-02,3.075,3.052,3.075,3.036,623224565.0
2025-12-03,3.058,3.019,3.086,3.01,776119012.0
2025-12-04,3.014,3.051,3.056,2.997,808437962.0
2025-12-05,3.063,3.089,3.098,3.028,873843662.0
2025-12-08,3.101,3.171,3.194,3.099,1268125641.0
2025-12-09,3.168,3.188,3.215,3.153,1082566090.0
2025-12-10,3.185,3.192,3.2,3.124,852958607.0
2025-12-11,3.192,3.146,3.226,3.145,936231349.0
2025-12-12,3.152,3.174,3.186,3.12,1011013142.0
2025-12-15,3.14,3.12,3.167,3.119,798453240.0
2025-12-16,3.112,3.06,3.125,3.043,1309898681.0
2025-12-17,3.057,3.164,3.165,3.054,1586163674.0
2025-12-18,3.134,3.092,3.14,3.092,1380517391.0
2025-12-19,3.118,3.107,3.141,3.096,1067093103.0
2025-12-22,3.135,3.175,3.18,3.135,1326079891.0
2025-12-23,3.18,3.185,3.21,3.166,946018820.0
2025-12-24,3.194,3.212,3.219,3.177,782862119.0
2025-12-25,3.21,3.222,3.234,3.184,882507027.0
2025-12-26,3.222,3.226,3.252,3.202,953278367.0
2025-12-29,3.217,3.205,3.234,3.19,952073248.0
2025-12-30,3.19,3.229,3.234,3.19,1180965470.0
2025-12-31,3.23,3.186,3.239,3.182,717889714.0
2026-01-05,3.215,3.281,3.281,3.21,1093577125.0
2026-01-06,3.278,3.303,3.305,3.249,1317059779.0
2026-01-07,3.311,3.311,3.336,3.281,1227046740.0
2026-01-08,3.291,3.287,3.313,3.27,1103912963.0
2026-01-09,3.269,3.314,3.315,3.253,1545146254.0
2026-01-12,3.314,3.371,3.387,3.267,2193720124.0
2026-01-13,3.372,3.306,3.402,3.291,1931467280.0
2026-01-14,3.307,3.332,3.388,3.292,2874007868.0
2026-01-15,3.306,3.352,3.359,3.293,3886523269.0
2026-01-16,3.382,3.346,3.394,3.337,4092518760.0
2026-01-19,3.327,3.318,3.369,3.31,1943741767.0
2026-01-20,3.319,3.263,3.335,3.242,2328267455.0
2026-01-21,3.243,3.281,3.315,3.242,1195061529.0
2026-01-22,3.298,3.315,3.323,3.264,1791980017.0
2026-01-23,3.322,3.337,3.337,3.304,907993890.0
2026-01-26,3.352,3.305,3.355,3.292,1678245655.0
2026-01-27,3.31,3.327,3.352,3.263,1765271470.0
2026-01-28,3.342,3.307,3.345,3.29,1949640170.0
2026-01-29,3.297,3.292,3.342,3.284,1626118743.0
2026-01-30,3.286,3.335,3.355,3.241,1291838077.0
2026-02-02,3.338,3.252,3.376,3.248,1148759349.0
2026-02-03,3.302,3.313,3.32,3.238,1201589298.0
2026-02-04,3.29,3.297,3.307,3.233,1179786209.0
2026-02-05,3.264,3.238,3.278,3.227,985289360.0
2026-02-06,3.21,3.229,3.275,3.187,878530633.0
2026-02-09,3.288,3.321,3.327,3.263,989621332.0
2026-02-10,3.327,3.311,3.335,3.307,538115550.0
2026-02-11,3.3,3.273,3.312,3.272,811867303.0
2026-02-12,3.28,3.319,3.323,3.277,951628247.0
2026-02-13,3.303,3.265,3.313,3.263,935966363.0
2026-02-24,3.318,3.295,3.331,3.282,924963954.0
2026-02-25,3.301,3.344,3.352,3.293,1102226404.0
2026-02-26,3.338,3.336,3.343,3.301,891284310.0
2026-02-27,3.31,3.301,3.317,3.283,1270882079.0
2026-03-02,3.251,3.282,3.308,3.25,1691759057.0
2026-03-03,3.303,3.205,3.32,3.198,1675116860.0
2026-03-04,3.17,3.154,3.207,3.138,1404622762.0
2026-03-05,3.216,3.206,3.254,3.183,1591868255.0
2026-03-06,3.191,3.225,3.238,3.169,859446068.0
2026-03-09,3.183,3.201,3.21,3.1,1371918888.0
2026-03-10,3.267,3.296,3.298,3.252,1240933559.0
2026-03-11,3.303,3.335,3.377,3.303,1073178339.0
2026-03-12,3.34,3.308,3.35,3.278,787646108.0
2026-03-13,3.29,3.3,3.334,3.28,809791868.0
2026-03-16,3.308,3.349,3.35,3.275,1065374425.0
2026-03-17,3.369,3.273,3.379,3.271,1159777395.0
2026-03-18,3.293,3.338,3.341,3.265,1120868025.0
2026-03-19,3.297,3.303,3.353,3.287,1246934476.0
2026-03-20,3.337,3.341,3.417,3.337,1959672859.0
2026-03-23,3.3,3.228,3.326,3.206,1683293180.0
2026-03-24,3.275,3.237,3.277,3.145,1481026692.0
2026-03-25,3.279,3.307,3.315,3.262,1178836757.0
2026-03-26,3.306,3.263,3.338,3.256,953041836.0
2026-03-27,3.241,3.293,3.313,3.221,941177748.0
2026-03-30,3.242,3.264,3.273,3.216,988480358.0
2026-03-31,3.248,3.182,3.272,3.178,1379478960.0
2026-04-01,3.245,3.232,3.247,3.2,1137456799.0
2026-04-02,3.224,3.164,3.224,3.148,1035747386.0
2026-04-03,3.182,3.141,3.189,3.139,735319582.0
2026-04-07,3.153,3.151,3.173,3.125,749372436.0
2026-04-08,3.241,3.345,3.345,3.235,1456939901.0
2026-04-09,3.316,3.32,3.331,3.292,726721415.0
2026-04-10,3.339,3.437,3.462,3.339,1393326433.0
2026-04-13,3.43,3.468,3.485,3.421,1041762858.0
2026-04-14,3.501,3.55,3.552,3.484,1063243629.0
2026-04-15,3.589,3.511,3.595,3.482,1352469021.0
2026-04-16,3.522,3.624,3.624,3.511,1479654181.0
2026-04-17,3.638,3.67,3.678,3.61,1503305804.0
2026-04-20,3.657,3.672,3.689,3.636,1485358840.0
2026-04-21,3.663,3.681,3.688,3.614,1382838279.0
2026-04-22,3.66,3.758,3.761,3.66,1861500562.0
2026-04-23,3.769,3.728,3.789,3.684,1458092107.0
2026-04-24,3.689,3.674,3.704,3.63,1712826513.0
2026-04-27,3.68,3.652,3.691,3.643,960411127.0
2026-04-28,3.63,3.602,3.643,3.588,1106101937.0
2026-04-29,3.585,3.694,3.7,3.578,1064146064.0
2026-04-30,3.703,3.689,3.727,3.668,1003983995.0
2026-05-06,3.763,3.786,3.824,3.733,1963948718.0
